Workbook

Sheet scoring
H1: Please ONLY make changes to the "weight" values!!
B2: HUC12 name | C2: v1 score | D2: add rare terr amph, pnts | E2: add clim, conn | F2: final score | H2: category | I2: weight | J2: highest score
A3: 180102080603 | B3: Kelsey Creek | C3: =($I$3*'combined data& scores'!$P$9)+($I$5*'combined data& scores'!$Q$9)+($I$11*'combined data& scores'!$V$9)+($I$12*'combined data& scores'!$Y$9)+($I$13*'combined data& scores'!$AB$9)+($I$14*'combined data& scores'!$AE$9)+($I$15*'combined data& scores'!$AH$9)+($I$16*'combined data& scores'!$AK$9)+($I$17*'combined data& scores'!$AN$9)+($I$6*'combined data& scores'!$R$9)+($I$7*'combined data& scores'!$S$9)+($I$8*'combined data& scores'!$T$9) -> 16.999 | D3: =($I$9*'combined data& scores'!$L$9)+($I$10*'combined data& scores'!$N$9) -> 2.331 | E3: =($I$4*'combined data& scores'!$F$9)+($I$18*'combined data& scores'!$H$9) -> 5 | F3: =SUM(C3:E3) -> 24.33 | H3: Apr 1 SWE | I3: 1 | J3: 5
A4: 180102080201 | B4: South Fork Scott River | C4: =($I$3*'combined data& scores'!$P$21)+($I$5*'combined data& scores'!$Q$21)+($I$11*'combined data& scores'!$V$21)+($I$12*'combined data& scores'!$Y$21)+($I$13*'combined data& scores'!$AB$21)+($I$14*'combined data& scores'!$AE$21)+($I$15*'combined data& scores'!$AH$21)+($I$16*'combined data& scores'!$AK$21)+($I$17*'combined data& scores'!$AN$21)+($I$6*'combined data& scores'!$R$21)+($I$7*'combined data& scores'!$S$21)+($I$8*'combined data& scores'!$T$21) -> 20.332 | D4: =($I$9*'combined data& scores'!$L$21)+($I$10*'combined data& scores'!$N$21) -> 2.997 | E4: =($I$4*'combined data& scores'!$F$21)+($I$18*'combined data& scores'!$H$21) -> 1 | F4: =SUM(C4:E4) -> 24.329 | H4: Climate Rank | I4: 0 | J4: 5
A5: 180102080103 | B5: Lower East Fork Scott River | C5: =($I$3*'combined data& scores'!$P$11)+($I$5*'combined data& scores'!$Q$11)+($I$11*'combined data& scores'!$V$11)+($I$12*'combined data& scores'!$Y$11)+($I$13*'combined data& scores'!$AB$11)+($I$14*'combined data& scores'!$AE$11)+($I$15*'combined data& scores'!$AH$11)+($I$16*'combined data& scores'!$AK$11)+($I$17*'combined data& scores'!$AN$11)+($I$6*'combined data& scores'!$R$11)+($I$7*'combined data& scores'!$S$11)+($I$8*'combined data& scores'!$T$11) -> 21.332 | D5: =($I$9*'combined data& scores'!$L$11)+($I$10*'combined data& scores'!$N$11) -> 2.997 | E5: =($I$4*'combined data& scores'!$F$11)+($I$18*'combined data& scores'!$H$11) -> 3 | F5: =SUM(C5:E5) -> 27.329 | H5: coho | I5: 0.333 | J5: 5
A6: 180102080101 | B6: Upper East Fork Scott River | C6: =($I$3*'combined data& scores'!$P$25)+($I$5*'combined data& scores'!$Q$25)+($I$11*'combined data& scores'!$V$25)+($I$12*'combined data& scores'!$Y$25)+($I$13*'combined data& scores'!$AB$25)+($I$14*'combined data& scores'!$AE$25)+($I$15*'combined data& scores'!$AH$25)+($I$16*'combined data& scores'!$AK$25)+($I$17*'combined data& scores'!$AN$25)+($I$6*'combined data& scores'!$R$25)+($I$7*'combined data& scores'!$S$25)+($I$8*'combined data& scores'!$T$25) -> 19.332 | D6: =($I$9*'combined data& scores'!$L$25)+($I$10*'combined data& scores'!$N$25) -> 2.664 | E6: =($I$4*'combined data& scores'!$F$25)+($I$18*'combined data& scores'!$H$25) -> 4 | F6: =SUM(C6:E6) -> 25.996 | H6: Cascades frog | I6: 0 | J6: 2
A7: 180102080601 | B7: Canyon Creek | C7: =($I$3*'combined data& scores'!$P$3)+($I$5*'combined data& scores'!$Q$3)+($I$11*'combined data& scores'!$V$3)+($I$12*'combined data& scores'!$Y$3)+($I$13*'combined data& scores'!$AB$3)+($I$14*'combined data& scores'!$AE$3)+($I$15*'combined data& scores'!$AH$3)+($I$16*'combined data& scores'!$AK$3)+($I$17*'combined data& scores'!$AN$3)+($I$6*'combined data& scores'!$R$3)+($I$7*'combined data& scores'!$S$3)+($I$8*'combined data& scores'!$T$3) -> 13.999 | D7: =($I$9*'combined data& scores'!$L$3)+($I$10*'combined data& scores'!$N$3) -> 2.997 | E7: =($I$4*'combined data& scores'!$F$3)+($I$18*'combined data& scores'!$H$3) -> 5 | F7: =SUM(C7:E7) -> 21.996 | H7: aspen | I7: 0 | J7: 2
A8: 180102080402 | B8: Kidder Creek | C8: =($I$3*'combined data& scores'!$P$10)+($I$5*'combined data& scores'!$Q$10)+($I$11*'combined data& scores'!$V$10)+($I$12*'combined data& scores'!$Y$10)+($I$13*'combined data& scores'!$AB$10)+($I$14*'combined data& scores'!$AE$10)+($I$15*'combined data& scores'!$AH$10)+($I$16*'combined data& scores'!$AK$10)+($I$17*'combined data& scores'!$AN$10)+($I$6*'combined data& scores'!$R$10)+($I$7*'combined data& scores'!$S$10)+($I$8*'combined data& scores'!$T$10) -> 20.665 | D8: =($I$9*'combined data& scores'!$L$10)+($I$10*'combined data& scores'!$N$10) -> 1.665 | E8: =($I$4*'combined data& scores'!$F$10)+($I$18*'combined data& scores'!$H$10) -> 1 | F8: =SUM(C8:E8) -> 23.33 | H8: darlingtonia | I8: 0 | J8: 2
A9: 180102080203 | B9: French Creek | C9: =($I$3*'combined data& scores'!$P$6)+($I$5*'combined data& scores'!$Q$6)+($I$11*'combined data& scores'!$V$6)+($I$12*'combined data& scores'!$Y$6)+($I$13*'combined data& scores'!$AB$6)+($I$14*'combined data& scores'!$AE$6)+($I$15*'combined data& scores'!$AH$6)+($I$16*'combined data& scores'!$AK$6)+($I$17*'combined data& scores'!$AN$6)+($I$6*'combined data& scores'!$R$6)+($I$7*'combined data& scores'!$S$6)+($I$8*'combined data& scores'!$T$6) -> 13.332 | D9: =($I$9*'combined data& scores'!$L$6)+($I$10*'combined data& scores'!$N$6) -> 2.997 | E9: =($I$4*'combined data& scores'!$F$6)+($I$18*'combined data& scores'!$H$6) -> 3 | F9: =SUM(C9:E9) -> 19.329 | H9: rare amphibians | I9: 0.333 | J9: 5
A10: 180102080102 | B10: Noyes Valley Creek | C10: =($I$3*'combined data& scores'!$P$16)+($I$5*'combined data& scores'!$Q$16)+($I$11*'combined data& scores'!$V$16)+($I$12*'combined data& scores'!$Y$16)+($I$13*'combined data& scores'!$AB$16)+($I$14*'combined data& scores'!$AE$16)+($I$15*'combined data& scores'!$AH$16)+($I$16*'combined data& scores'!$AK$16)+($I$17*'combined data& scores'!$AN$16)+($I$6*'combined data& scores'!$R$16)+($I$7*'combined data& scores'!$S$16)+($I$8*'combined data& scores'!$T$16) -> 9.333 | D10: =($I$9*'combined data& scores'!$L$16)+($I$10*'combined data& scores'!$N$16) -> 1.332 | E10: =($I$4*'combined data& scores'!$F$16)+($I$18*'combined data& scores'!$H$16) -> 5 | F10: =SUM(C10:E10) -> 15.665 | H10: rare plants | I10: 0.333 | J10: 5
A11: 180102080605 | B11: Mill Creek | C11: =($I$3*'combined data& scores'!$P$15)+($I$5*'combined data& scores'!$Q$15)+($I$11*'combined data& scores'!$V$15)+($I$12*'combined data& scores'!$Y$15)+($I$13*'combined data& scores'!$AB$15)+($I$14*'combined data& scores'!$AE$15)+($I$15*'combined data& scores'!$AH$15)+($I$16*'combined data& scores'!$AK$15)+($I$17*'combined data& scores'!$AN$15)+($I$6*'combined data& scores'!$R$15)+($I$7*'combined data& scores'!$S$15)+($I$8*'combined data& scores'!$T$15) -> 10.999 | D11: =($I$9*'combined data& scores'!$L$15)+($I$10*'combined data& scores'!$N$15) -> 1.665 | E11: =($I$4*'combined data& scores'!$F$15)+($I$18*'combined data& scores'!$H$15) -> 4 | F11: =SUM(C11:E11) -> 16.664 | H11: inventoried meadow | I11: 1 | J11: 5
A12: 180102080205 | B12: Etna Creek | C12: =($I$3*'combined data& scores'!$P$5)+($I$5*'combined data& scores'!$Q$5)+($I$11*'combined data& scores'!$V$5)+($I$12*'combined data& scores'!$Y$5)+($I$13*'combined data& scores'!$AB$5)+($I$14*'combined data& scores'!$AE$5)+($I$15*'combined data& scores'!$AH$5)+($I$16*'combined data& scores'!$AK$5)+($I$17*'combined data& scores'!$AN$5)+($I$6*'combined data& scores'!$R$5)+($I$7*'combined data& scores'!$S$5)+($I$8*'combined data& scores'!$T$5) -> 13.332 | D12: =($I$9*'combined data& scores'!$L$5)+($I$10*'combined data& scores'!$N$5) -> 0.999 | E12: =($I$4*'combined data& scores'!$F$5)+($I$18*'combined data& scores'!$H$5) -> 5 | F12: =SUM(C12:E12) -> 19.331 | H12: meadow with NEPA | I12: 5 | J12: 1
A13: 180102080502 | B13: Shackleford Creek | C13: =($I$3*'combined data& scores'!$P$19)+($I$5*'combined data& scores'!$Q$19)+($I$11*'combined data& scores'!$V$19)+($I$12*'combined data& scores'!$Y$19)+($I$13*'combined data& scores'!$AB$19)+($I$14*'combined data& scores'!$AE$19)+($I$15*'combined data& scores'!$AH$19)+($I$16*'combined data& scores'!$AK$19)+($I$17*'combined data& scores'!$AN$19)+($I$6*'combined data& scores'!$R$19)+($I$7*'combined data& scores'!$S$19)+($I$8*'combined data& scores'!$T$19) -> 18.332 | D13: =($I$9*'combined data& scores'!$L$19)+($I$10*'combined data& scores'!$N$19) -> 2.664 | E13: =($I$4*'combined data& scores'!$F$19)+($I$18*'combined data& scores'!$H$19) -> 1 | F13: =SUM(C13:E13) -> 21.996 | H13: recent fire | I13: 1 | J13: 5
A14: 180102080604 | B14: Tompkins Creek-Scott River | C14: =($I$3*'combined data& scores'!$P$23)+($I$5*'combined data& scores'!$Q$23)+($I$11*'combined data& scores'!$V$23)+($I$12*'combined data& scores'!$Y$23)+($I$13*'combined data& scores'!$AB$23)+($I$14*'combined data& scores'!$AE$23)+($I$15*'combined data& scores'!$AH$23)+($I$16*'combined data& scores'!$AK$23)+($I$17*'combined data& scores'!$AN$23)+($I$6*'combined data& scores'!$R$23)+($I$7*'combined data& scores'!$S$23)+($I$8*'combined data& scores'!$T$23) -> 12.999 | D14: =($I$9*'combined data& scores'!$L$23)+($I$10*'combined data& scores'!$N$23) -> 1.665 | E14: =($I$4*'combined data& scores'!$F$23)+($I$18*'combined data& scores'!$H$23) -> 2 | F14: =SUM(C14:E14) -> 16.664 | H14: LMM high | I14: 0 | J14: 5
A15: 180102080602 | B15: Boulder Creek-Scott River | C15: =($I$3*'combined data& scores'!$P$2)+($I$5*'combined data& scores'!$Q$2)+($I$11*'combined data& scores'!$V$2)+($I$12*'combined data& scores'!$Y$2)+($I$13*'combined data& scores'!$AB$2)+($I$14*'combined data& scores'!$AE$2)+($I$15*'combined data& scores'!$AH$2)+($I$16*'combined data& scores'!$AK$2)+($I$17*'combined data& scores'!$AN$2)+($I$6*'combined data& scores'!$R$2)+($I$7*'combined data& scores'!$S$2)+($I$8*'combined data& scores'!$T$2) -> 14 | D15: =($I$9*'combined data& scores'!$L$2)+($I$10*'combined data& scores'!$N$2) -> 2.331 | E15: =($I$4*'combined data& scores'!$F$2)+($I$18*'combined data& scores'!$H$2) -> 2 | F15: =SUM(C15:E15) -> 18.331 | H15: LMM med | I15: 0 | J15: 5
A16: 180102080401 | B16: Patterson Creek | C16: =($I$3*'combined data& scores'!$P$18)+($I$5*'combined data& scores'!$Q$18)+($I$11*'combined data& scores'!$V$18)+($I$12*'combined data& scores'!$Y$18)+($I$13*'combined data& scores'!$AB$18)+($I$14*'combined data& scores'!$AE$18)+($I$15*'combined data& scores'!$AH$18)+($I$16*'combined data& scores'!$AK$18)+($I$17*'combined data& scores'!$AN$18)+($I$6*'combined data& scores'!$R$18)+($I$7*'combined data& scores'!$S$18)+($I$8*'combined data& scores'!$T$18) -> 15.332 | D16: =($I$9*'combined data& scores'!$L$18)+($I$10*'combined data& scores'!$N$18) -> 1.332 | E16: =($I$4*'combined data& scores'!$F$18)+($I$18*'combined data& scores'!$H$18) -> 1 | F16: =SUM(C16:E16) -> 17.664 | H16: EFM land | I16: 1 | J16: 5
A17: 180102080606 | B17: Town of Scott Bar-Scott River | C17: =($I$3*'combined data& scores'!$P$24)+($I$5*'combined data& scores'!$Q$24)+($I$11*'combined data& scores'!$V$24)+($I$12*'combined data& scores'!$Y$24)+($I$13*'combined data& scores'!$AB$24)+($I$14*'combined data& scores'!$AE$24)+($I$15*'combined data& scores'!$AH$24)+($I$16*'combined data& scores'!$AK$24)+($I$17*'combined data& scores'!$AN$24)+($I$6*'combined data& scores'!$R$24)+($I$7*'combined data& scores'!$S$24)+($I$8*'combined data& scores'!$T$24) -> 10.666 | D17: =($I$9*'combined data& scores'!$L$24)+($I$10*'combined data& scores'!$N$24) -> 1.665 | E17: =($I$4*'combined data& scores'!$F$24)+($I$18*'combined data& scores'!$H$24) -> 2 | F17: =SUM(C17:E17) -> 14.331 | H17: Federal land | I17: 1 | J17: 5
A18: 180102080204 | B18: Sugar Creek-Scott River | C18: =($I$3*'combined data& scores'!$P$22)+($I$5*'combined data& scores'!$Q$22)+($I$11*'combined data& scores'!$V$22)+($I$12*'combined data& scores'!$Y$22)+($I$13*'combined data& scores'!$AB$22)+($I$14*'combined data& scores'!$AE$22)+($I$15*'combined data& scores'!$AH$22)+($I$16*'combined data& scores'!$AK$22)+($I$17*'combined data& scores'!$AN$22)+($I$6*'combined data& scores'!$R$22)+($I$7*'combined data& scores'!$S$22)+($I$8*'combined data& scores'!$T$22) -> 11.332 | D18: =($I$9*'combined data& scores'!$L$22)+($I$10*'combined data& scores'!$N$22) -> 2.331 | E18: =($I$4*'combined data& scores'!$F$22)+($I$18*'combined data& scores'!$H$22) -> 3 | F18: =SUM(C18:E18) -> 16.663 | H18: connectivity rank | I18: 1 | J18: 5
A19: 180102080206 | B19: Clark Creek-Scott River | C19: =($I$3*'combined data& scores'!$P$4)+($I$5*'combined data& scores'!$Q$4)+($I$11*'combined data& scores'!$V$4)+($I$12*'combined data& scores'!$Y$4)+($I$13*'combined data& scores'!$AB$4)+($I$14*'combined data& scores'!$AE$4)+($I$15*'combined data& scores'!$AH$4)+($I$16*'combined data& scores'!$AK$4)+($I$17*'combined data& scores'!$AN$4)+($I$6*'combined data& scores'!$R$4)+($I$7*'combined data& scores'!$S$4)+($I$8*'combined data& scores'!$T$4) -> 5 | D19: =($I$9*'combined data& scores'!$L$4)+($I$10*'combined data& scores'!$N$4) -> 1.332 | E19: =($I$4*'combined data& scores'!$F$4)+($I$18*'combined data& scores'!$H$4) -> 5 | F19: =SUM(C19:E19) -> 11.332
A20: 180102080301 | B20: Upper Moffett Creek | C20: =($I$3*'combined data& scores'!$P$26)+($I$5*'combined data& scores'!$Q$26)+($I$11*'combined data& scores'!$V$26)+($I$12*'combined data& scores'!$Y$26)+($I$13*'combined data& scores'!$AB$26)+($I$14*'combined data& scores'!$AE$26)+($I$15*'combined data& scores'!$AH$26)+($I$16*'combined data& scores'!$AK$26)+($I$17*'combined data& scores'!$AN$26)+($I$6*'combined data& scores'!$R$26)+($I$7*'combined data& scores'!$S$26)+($I$8*'combined data& scores'!$T$26) -> 7 | D20: =($I$9*'combined data& scores'!$L$26)+($I$10*'combined data& scores'!$N$26) -> 0.333 | E20: =($I$4*'combined data& scores'!$F$26)+($I$18*'combined data& scores'!$H$26) -> 3 | F20: =SUM(C20:E20) -> 10.333
A21: 180102080302 | B21: McAdam Creek | C21: =($I$3*'combined data& scores'!$P$13)+($I$5*'combined data& scores'!$Q$13)+($I$11*'combined data& scores'!$V$13)+($I$12*'combined data& scores'!$Y$13)+($I$13*'combined data& scores'!$AB$13)+($I$14*'combined data& scores'!$AE$13)+($I$15*'combined data& scores'!$AH$13)+($I$16*'combined data& scores'!$AK$13)+($I$17*'combined data& scores'!$AN$13)+($I$6*'combined data& scores'!$R$13)+($I$7*'combined data& scores'!$S$13)+($I$8*'combined data& scores'!$T$13) -> 8 | D21: =($I$9*'combined data& scores'!$L$13)+($I$10*'combined data& scores'!$N$13) -> 1.332 | E21: =($I$4*'combined data& scores'!$F$13)+($I$18*'combined data& scores'!$H$13) -> 3 | F21: =SUM(C21:E21) -> 12.332
A22: 180102080504 | B22: Sniktaw Creek-Scott River | C22: =($I$3*'combined data& scores'!$P$20)+($I$5*'combined data& scores'!$Q$20)+($I$11*'combined data& scores'!$V$20)+($I$12*'combined data& scores'!$Y$20)+($I$13*'combined data& scores'!$AB$20)+($I$14*'combined data& scores'!$AE$20)+($I$15*'combined data& scores'!$AH$20)+($I$16*'combined data& scores'!$AK$20)+($I$17*'combined data& scores'!$AN$20)+($I$6*'combined data& scores'!$R$20)+($I$7*'combined data& scores'!$S$20)+($I$8*'combined data& scores'!$T$20) -> 8 | D22: =($I$9*'combined data& scores'!$L$20)+($I$10*'combined data& scores'!$N$20) -> 1.332 | E22: =($I$4*'combined data& scores'!$F$20)+($I$18*'combined data& scores'!$H$20) -> 4 | F22: =SUM(C22:E22) -> 13.332
A23: 180102080501 | B23: Indian Creek | C23: =($I$3*'combined data& scores'!$P$8)+($I$5*'combined data& scores'!$Q$8)+($I$11*'combined data& scores'!$V$8)+($I$12*'combined data& scores'!$Y$8)+($I$13*'combined data& scores'!$AB$8)+($I$14*'combined data& scores'!$AE$8)+($I$15*'combined data& scores'!$AH$8)+($I$16*'combined data& scores'!$AK$8)+($I$17*'combined data& scores'!$AN$8)+($I$6*'combined data& scores'!$R$8)+($I$7*'combined data& scores'!$S$8)+($I$8*'combined data& scores'!$T$8) -> 8 | D23: =($I$9*'combined data& scores'!$L$8)+($I$10*'combined data& scores'!$N$8) -> 1.332 | E23: =($I$4*'combined data& scores'!$F$8)+($I$18*'combined data& scores'!$H$8) -> 2 | F23: =SUM(C23:E23) -> 11.332
A24: 180102080303 | B24: Lower Moffett Creek | C24: =($I$3*'combined data& scores'!$P$12)+($I$5*'combined data& scores'!$Q$12)+($I$11*'combined data& scores'!$V$12)+($I$12*'combined data& scores'!$Y$12)+($I$13*'combined data& scores'!$AB$12)+($I$14*'combined data& scores'!$AE$12)+($I$15*'combined data& scores'!$AH$12)+($I$16*'combined data& scores'!$AK$12)+($I$17*'combined data& scores'!$AN$12)+($I$6*'combined data& scores'!$R$12)+($I$7*'combined data& scores'!$S$12)+($I$8*'combined data& scores'!$T$12) -> 3.333 | D24: =($I$9*'combined data& scores'!$L$12)+($I$10*'combined data& scores'!$N$12) -> 1.332 | E24: =($I$4*'combined data& scores'!$F$12)+($I$18*'combined data& scores'!$H$12) -> 4 | F24: =SUM(C24:E24) -> 8.665
A25: 180102080202 | B25: McConaughy Gulch | C25: =($I$3*'combined data& scores'!$P$14)+($I$5*'combined data& scores'!$Q$14)+($I$11*'combined data& scores'!$V$14)+($I$12*'combined data& scores'!$Y$14)+($I$13*'combined data& scores'!$AB$14)+($I$14*'combined data& scores'!$AE$14)+($I$15*'combined data& scores'!$AH$14)+($I$16*'combined data& scores'!$AK$14)+($I$17*'combined data& scores'!$AN$14)+($I$6*'combined data& scores'!$R$14)+($I$7*'combined data& scores'!$S$14)+($I$8*'combined data& scores'!$T$14) -> 1 | D25: =($I$9*'combined data& scores'!$L$14)+($I$10*'combined data& scores'!$N$14) -> 0.333 | E25: =($I$4*'combined data& scores'!$F$14)+($I$18*'combined data& scores'!$H$14) -> 5 | F25: =SUM(C25:E25) -> 6.333
A26: 180102080503 | B26: Oro Fino Creek-Scott River | C26: =($I$3*'combined data& scores'!$P$17)+($I$5*'combined data& scores'!$Q$17)+($I$11*'combined data& scores'!$V$17)+($I$12*'combined data& scores'!$Y$17)+($I$13*'combined data& scores'!$AB$17)+($I$14*'combined data& scores'!$AE$17)+($I$15*'combined data& scores'!$AH$17)+($I$16*'combined data& scores'!$AK$17)+($I$17*'combined data& scores'!$AN$17)+($I$6*'combined data& scores'!$R$17)+($I$7*'combined data& scores'!$S$17)+($I$8*'combined data& scores'!$T$17) -> 4 | D26: =($I$9*'combined data& scores'!$L$17)+($I$10*'combined data& scores'!$N$17) -> 0.999 | E26: =($I$4*'combined data& scores'!$F$17)+($I$18*'combined data& scores'!$H$17) -> 2 | F26: =SUM(C26:E26) -> 6.999
A27: 180102080403 | B27: Hamlin Gulch-Scott River | C27: =($I$3*'combined data& scores'!$P$7)+($I$5*'combined data& scores'!$Q$7)+($I$11*'combined data& scores'!$V$7)+($I$12*'combined data& scores'!$Y$7)+($I$13*'combined data& scores'!$AB$7)+($I$14*'combined data& scores'!$AE$7)+($I$15*'combined data& scores'!$AH$7)+($I$16*'combined data& scores'!$AK$7)+($I$17*'combined data& scores'!$AN$7)+($I$6*'combined data& scores'!$R$7)+($I$7*'combined data& scores'!$S$7)+($I$8*'combined data& scores'!$T$7) -> 1 | D27: =($I$9*'combined data& scores'!$L$7)+($I$10*'combined data& scores'!$N$7) -> 0.666 | E27: =($I$4*'combined data& scores'!$F$7)+($I$18*'combined data& scores'!$H$7) -> 1 | F27: =SUM(C27:E27) -> 2.666
H28: Apr 1 SWE | I28: 1 | J28: 1 | K28: Lower East Fork Scott River
H29: coho | I29: 0.333 | J29: 2 | K29: South Fork Scott River
H30: Cascades frog | I30: 0 | J30: 3 | K30: Upper East Fork Scott River
H31: aspen | I31: 0 | J31: 4 | K31: Kelsey Creek
H32: darlingtonia | I32: 0 | J32: 5 | K32: Kidder Creek
H33: rare amphibians | I33: 0.333 | J33: 6 | K33: Canyon Creek
H34: rare plants | I34: 0.333 | J34: 7 | K34: Shackleford Creek
H35: inventoried meadow | I35: 1 | J35: 8 | K35: Tompkins Creek-Scott River
H36: meadow with NEPA | I36: 5 | J36: 9 | K36: French Creek
H37: recent fire | I37: 1 | J37: 10 | K37: Boulder Creek-Scott River
H38: LMM high | I38: 0
H39: LMM med | I39: 0
H40: EFM land | I40: 0
H41: Federal land | I41: 1
H42: synergy
H45: Apr 1 SWE | I45: 1 | J45: 1 | K45: Lower East Fork Scott River
H46: coho | I46: 0.333 | J46: 2 | K46: Upper East Fork Scott River
H47: Cascades frog | I47: 0 | J47: 3 | K47: South Fork Scott River
H48: aspen | I48: 0 | J48: 4 | K48: Kelsey Creek
H49: darlingtonia | I49: 0 | J49: 5 | K49: Kidder Creek
H50: rare amphibians | I50: 0.333 | J50: 6 | K50: Shackleford Creek
H51: rare plants | I51: 0.333 | J51: 7 | K51: Canyon Creek
H52: inventoried meadow | I52: 1 | J52: 8 | K52: French Creek
H53: meadow with NEPA | I53: 5 | J53: 9 | K53: Noyes Valley Creek
H54: recent fire | I54: 1 | J54: 10 | K54: Tompkins Creek-Scott River
H55: LMM high | I55: 0
H56: LMM med | I56: 0
H57: EFM land | I57: 0
H58: Federal land | I58: 0
H62: Apr 1 SWE | I62: 1 | J62: 1 | K62: Lower East Fork Scott River
H63: coho | I63: 0.333 | J63: 2 | K63: Kidder Creek
H64: Cascades frog | I64: 0 | J64: 3 | K64: Upper East Fork Scott River
H65: aspen | I65: 0 | J65: 4 | K65: South Fork Scott River
H66: darlingtonia | I66: 0 | J66: 5 | K66: Shackleford Creek
H67: rare amphibians | I67: 0.333 | J67: 6 | K67: Patterson Creek
H68: rare plants | I68: 0.333 | J68: 7 | K68: Kelsey Creek
H69: inventoried meadow | I69: 1 | J69: 8 | K69: French Creek
H70: meadow with NEPA | I70: 5 | J70: 9 | K70: Boulder Creek-Scott River
H71: recent fire | I71: 1 | J71: 10 | K71: Canyon Creek
H72: LMM high | I72: 0
H73: LMM med | I73: 0
H74: EFM land | I74: 1
H75: Federal land | I75: 0

Sheet combined data& scores
A1: huccode | B1: HUC12 name | C1: HUC 12 area (ac) | E1: SUM of ClimRankAve ByArea | F1: ClimRank Jenks | G1: SUM of ConnRankAveByArea | H1: ConnRank Jenks | I1: SUM of RareCountAveByArea | K1: SUM of RareAmphAveByArea | L1: RareAmphJenks score | M1: SUM of RarePlantAveByArea | N1: RarePlants Jenks score | O1: Apr1SWE | P1: Apr1SWE Jenks score | Q1: Coho score | R1: Cascades frog score | S1: aspen score | T1: darlingtonia score | U1: Inventoried MdwPercent (/100) | V1: Inventoried MdwPercent (/100) Jenks | W1: inventoried mdw acres | X1: MdwNEPA percent | Y1: MdwNEPA percent Jenks | Z1: MdwNEPA Ac | AA1: Fire percent | AB1: Fire percent Jenks | AC1: Fire Ac | AD1: LMMhigh percent | AE1: LMMhigh percent Jenks | AF1: LMMhigh Ac | AG1: LMMmed Percent | AH1: LMMmed Percent Jenks | AI1: LMMmed Ac | AJ1: EFM percent | AK1: EFM percent Jenks | AL1: EFM_Ac | AM1: Federal Land Percent | AN1: Federal Land Percent Jenks | AO1: Feds_Ac
A2: 180102080602 | B2: Boulder Creek-Scott River | C2: 12839.32 | E2: 4.6837981 | F2: 5 | G2: 2.7095413 | H2: 2 | I2: 7.4028319 | K2: 1.3531287 | L2: 4 | M2: 1.6780317 | N2: 3 | O2: 84.481954 | P2: 3 | Q2: =biodiversity!$G$2 -> 0 | R2: =biodiversity!$I$2 -> 0 | S2: =biodiversity!$H$2 -> 2 | T2: =biodiversity!$J$2 -> 0 | U2: 0.01233 | V2: 3 | W2: 158.28 | X2: 0 | Y2: 0 | AA2: 0.00387982 | AB2: 1 | AC2: 49.814251 | AD2: 0.0031928964 | AE2: 4 | AF2: 40.994619 | AG2: 0.013736608 | AH2: 3 | AI2: 176.3687 | AJ2: 0.15986238 | AK2: 3 | AL2: 2052.5242 | AM2: 0.5452697 | AN2: 4 | AO2: 7000.8922
A3: 180102080601 | B3: Canyon Creek | C3: 15834.17 | E3: 4.1399337 | F3: 4 | G3: 3.2483895 | H3: 5 | I3: 7.9576799 | K3: 1.9849958 | L3: 5 | M3: 3.6389547 | N3: 4 | O3: 404.53402 | P3: 5 | Q3: =biodiversity!$G$3 -> 3 | R3: =biodiversity!$I$3 -> 2 | S3: =biodiversity!$H$3 -> 2 | T3: =biodiversity!$J$3 -> 0 | U3: 0.00758 | V3: 2 | W3: 120 | X3: 0 | Y3: 0 | AA3: 0.013528107 | AB3: 1 | AC3: 214.20634 | AD3: 0.0078450204 | AE3: 5 | AF3: 124.21939 | AG3: 0.031217554 | AH3: 5 | AI3: 494.30406 | AJ3: 0 | AK3: 0 | AM3: 0.98498019 | AN3: 5 | AO3: 15596.344
A4: 180102080206 | B4: Clark Creek-Scott River | C4: 10279.36 | E4: 2.6140907 | F4: 2 | G4: 3.2066727 | H4: 5 | I4: 3.1435936 | K4: 0.11357276 | L4: 2 | M4: 0.94141786 | N4: 2 | O4: 20.329404 | P4: 1 | Q4: =biodiversity!$G$4 -> 0 | R4: =biodiversity!$I$4 -> 0 | S4: =biodiversity!$H$4 -> 0 | T4: =biodiversity!$J$4 -> 0 | U4: 6e-05 | V4: 1 | W4: 0.58 | X4: 0 | Y4: 0 | AA4: 0 | AB4: 1 | AD4: 0.00029636074 | AE4: 1 | AF4: 3.0463987 | AG4: 0.0060218637 | AH4: 2 | AI4: 61.900904 | AJ4: 0.039953992 | AK4: 1 | AL4: 410.70147 | AM4: 0.016174491 | AN4: 1 | AO4: 166.26342
A5: 180102080205 | B5: Etna Creek | C5: 17245.11 | E5: 4.5260758 | F5: 5 | G5: 3.1612499 | H5: 5 | I5: 2.782797 | K5: 0.31071744 | L5: 2 | M5: 0.42448346 | N5: 1 | O5: 184.55855 | P5: 4 | Q5: =biodiversity!$G$5 -> 4 | R5: =biodiversity!$I$5 -> 2 | S5: =biodiversity!$H$5 -> 2 | T5: =biodiversity!$J$5 -> 0 | U5: 0.00323 | V5: 1 | W5: 55.78 | X5: 0 | Y5: 0 | AA5: 0 | AB5: 1 | AD5: 0.0010775263 | AE5: 2 | AF5: 18.58206 | AG5: 0.0068981661 | AH5: 2 | AI5: 118.95963 | AJ5: 0.13626987 | AK5: 2 | AL5: 2349.989 | AM5: 0.4514524 | AN5: 4 | AO5: 7785.3462
A6: 180102080203 | B6: French Creek | C6: 21309.9 | E6: 4.1562558 | F6: 4 | G6: 2.9213091 | H6: 3 | I6: 6.7279751 | K6: 1.9802349 | L6: 5 | M6: 2.6640403 | N6: 4 | O6: 148.43709 | P6: 4 | Q6: =biodiversity!$G$6 -> 4 | R6: =biodiversity!$I$6 -> 2 | S6: =biodiversity!$H$6 -> 2 | T6: =biodiversity!$J$6 -> 2 | U6: 0.00727 | V6: 2 | W6: 154.95 | X6: 0 | Y6: 0 | AA6: 0.00094488597 | AB6: 1 | AC6: 20.135426 | AD6: 0.0088010186 | AE6: 5 | AF6: 187.54883 | AG6: 0.038048374 | AH6: 5 | AI6: 810.80704 | AJ6: 0.13528413 | AK6: 2 | AL6: 2882.8913 | AM6: 0.28344837 | AN6: 3 | AO6: 6040.2565
A7: 180102080403 | B7: Hamlin Gulch-Scott River | C7: 32372.57 | E7: 1.5193228 | F7: 1 | G7: 2.2747626 | H7: 1 | I7: 2.2402015 | K7: 0 | L7: 0 | M7: 0.68635705 | N7: 2 | O7: 1.3513042 | P7: 1 | Q7: =biodiversity!$G$7 -> 0 | R7: =biodiversity!$I$7 -> 0 | S7: =biodiversity!$H$7 -> 0 | T7: =biodiversity!$J$7 -> 0 | U7: 0 | V7: 0 | W7: 0 | X7: 0 | Y7: 0 | AA7: 0 | AB7: 0 | AD7: 9.7796646e-05 | AE7: 1 | AF7: 3.1659288 | AG7: 0.0012578775 | AH7: 1 | AI7: 40.720728 | AJ7: 0 | AK7: 0 | AM7: 0 | AN7: 0
A8: 180102080501 | B8: Indian Creek | C8: 11697.71 | E8: 3.816556 | F8: 3 | G8: 2.6421271 | H8: 2 | I8: 2.9250172 | K8: 0.11841473 | L8: 2 | M8: 0.72865204 | N8: 2 | O8: 29.03236 | P8: 1 | Q8: =biodiversity!$G$8 -> 0 | R8: =biodiversity!$I$8 -> 0 | S8: =biodiversity!$H$8 -> 0 | T8: =biodiversity!$J$8 -> 0 | U8: 0.00105 | V8: 1 | W8: 12.27 | X8: 0 | Y8: 0 | AA8: 0.029357473 | AB8: 2 | AC8: 343.41521 | AD8: 0.0011246671 | AE8: 2 | AF8: 13.156029 | AG8: 0.012617011 | AH8: 3 | AI8: 147.59013 | AJ8: 0 | AK8: 0 | AM8: 0.68948082 | AN8: 4 | AO8: 8065.3467
A9: 180102080603 | B9: Kelsey Creek | C9: 11383.9 | E9: 3.9632707 | F9: 4 | G9: 3.3543321 | H9: 5 | I9: 4.6626454 | K9: 1.5011968 | L9: 4 | M9: 1.4185415 | N9: 3 | O9: 374.5173 | P9: 5 | Q9: =biodiversity!$G$9 -> 3 | R9: =biodiversity!$I$9 -> 0 | S9: =biodiversity!$H$9 -> 0 | T9: =biodiversity!$J$9 -> 0 | U9: 0.07226 | V9: 5 | W9: 822.65 | X9: 0 | Y9: 0 | AA9: 0.0069442643 | AB9: 1 | AC9: 79.052811 | AD9: 0.0016938801 | AE9: 3 | AF9: 19.282961 | AG9: 0.011326648 | AH9: 3 | AI9: 128.94143 | AJ9: 0 | AK9: 0 | AM9: 0.99207274 | AN9: 5 | AO9: 11293.657
A10: 180102080402 | B10: Kidder Creek | C10: 22246.41 | E10: 4.1835143 | F10: 4 | G10: 2.1917063 | H10: 1 | I10: 3.161369 | K10: 0.90176413 | L10: 3 | M10: 0.62774109 | N10: 2 | O10: 174.06261 | P10: 4 | Q10: =biodiversity!$G$10 -> 5 | R10: =biodiversity!$I$10 -> 2 | S10: =biodiversity!$H$10 -> 2 | T10: =biodiversity!$J$10 -> 0 | U10: 0.00569 | V10: 2 | W10: 126.59 | X10: 0 | Y10: 0 | AA10: 0.41747045 | AB10: 5 | AC10: 9287.2188 | AD10: 0.0015135837 | AE10: 3 | AF10: 33.671805 | AG10: 0.0076451673 | AH10: 2 | AI10: 170.07753 | AJ10: 0.31705555 | AK10: 5 | AL10: 7053.3477 | AM10: 0.36052037 | AN10: 3 | AO10: 8020.2839
A11: 180102080103 | B11: Lower East Fork Scott River | C11: 20388.22 | E11: 4.0464846 | F11: 4 | G11: 2.8852589 | H11: 3 | I11: 10.603879 | K11: 1.3866773 | L11: 4 | M11: 5.7670778 | N11: 5 | O11: 272.13423 | P11: 5 | Q11: =biodiversity!$G$11 -> 4 | R11: =biodiversity!$I$11 -> 2 | S11: =biodiversity!$H$11 -> 0 | T11: =biodiversity!$J$11 -> 2 | U11: 0.01051 | V11: 3 | W11: 214.21 | X11: 0.035781058 | Y11: 1 | Z11: 729.51209 | AA11: 0.056504839 | AB11: 3 | AC11: 1152.0331 | AD11: 0.0034850989 | AE11: 4 | AF11: 71.054962 | AG11: 0.019755658 | AH11: 4 | AI11: 402.78271 | AJ11: 0 | AK11: 0 | AM11: 0.50294712 | AN11: 4 | AO11: 10254.197
A12: 180102080303 | B12: Lower Moffett Creek | C12: 29899.1 | E12: 2.9870646 | F12: 2 | G12: 3.1247643 | H12: 4 | I12: 2.7954061 | K12: 0.0027404052 | L12: 1 | M12: 1.5036736 | N12: 3 | O12: 18.699645 | P12: 1 | Q12: =biodiversity!$G$12 -> 1 | R12: =biodiversity!$I$12 -> 0 | S12: =biodiversity!$H$12 -> 0 | T12: =biodiversity!$J$12 -> 0 | U12: 0.00172 | V12: 1 | W12: 51.28 | X12: 0 | Y12: 0 | AA12: 0 | AB12: 0 | AD12: 0.0012105397 | AE12: 2 | AF12: 36.194046 | AG12: 0.0077912377 | AH12: 2 | AI12: 232.95099 | AJ12: 0 | AK12: 0 | AM12: 0.073582681 | AN12: 1 | AO12: 2200.0559
A13: 180102080302 | B13: McAdam Creek | C13: 17217.93 | E13: 3.8746648 | F13: 3 | G13: 2.9667152 | H13: 3 | I13: 4.4420195 | K13: 0.0030730321 | L13: 1 | M13: 1.9082796 | N13: 3 | O13: 25.962269 | P13: 1 | Q13: =biodiversity!$G$13 -> 0 | R13: =biodiversity!$I$13 -> 0 | S13: =biodiversity!$H$13 -> 0 | T13: =biodiversity!$J$13 -> 0 | U13: 5e-05 | V13: 1 | W13: 0.8 | X13: 0 | Y13: 0 | AA13: 0.032290483 | AB13: 2 | AC13: 555.97528 | AD13: 0.00035303291 | AE13: 1 | AF13: 6.078496 | AG13: 0.0049265751 | AH13: 1 | AI13: 84.825426 | AJ13: 0 | AK13: 0 | AM13: 0.50661558 | AN13: 4 | AO13: 8722.8715
A14: 180102080202 | B14: McConaughy Gulch | C14: 13333.52 | E14: 1.657715 | F14: 1 | G14: 3.1775259 | H14: 5 | I14: 0.72858875 | K14: 0 | L14: 0 | M14: 0.17285098 | N14: 1 | O14: 16.315549 | P14: 1 | Q14: =biodiversity!$G$14 -> 0 | R14: =biodiversity!$I$14 -> 2 | S14: =biodiversity!$H$14 -> 0 | T14: =biodiversity!$J$14 -> 2 | U14: 0 | V14: 0 | W14: 0 | X14: 0 | Y14: 0 | AA14: 0 | AB14: 0 | AD14: 0.0017394686 | AE14: 3 | AF14: 23.19324 | AG14: 0.018077168 | AH14: 4 | AI14: 241.03229 | AJ14: 0 | AK14: 0 | AM14: 0 | AN14: 0
A15: 180102080605 | B15: Mill Creek | C15: 14294.74 | E15: 4.1958405 | F15: 4 | G15: 3 | H15: 4 | I15: 4.8438907 | K15: 1.5169582 | L15: 4 | M15: 0.3003965 | N15: 1 | O15: 15.308942 | P15: 1 | Q15: =biodiversity!$G$15 -> 3 | R15: =biodiversity!$I$15 -> 0 | S15: =biodiversity!$H$15 -> 0 | T15: =biodiversity!$J$15 -> 0 | U15: 0.00058 | V15: 1 | W15: 8.34 | X15: 0 | Y15: 0 | AA15: 0.27454331 | AB15: 4 | AC15: 3924.5252 | AD15: 0.00015759396 | AE15: 1 | AF15: 2.2527647 | AG15: 0.0043908656 | AH15: 1 | AI15: 62.766282 | AJ15: 0 | AK15: 0 | AM15: 0.47224008 | AN15: 4 | AO15: 6750.5491
A16: 180102080102 | B16: Noyes Valley Creek | C16: 16629.83 | E16: 2.0987635 | F16: 1 | G16: 3.2173709 | H16: 5 | I16: 3.9081754 | K16: 0.012710411 | L16: 1 | M16: 1.4381829 | N16: 3 | O16: 55.93476 | P16: 2 | Q16: =biodiversity!$G$16 -> 1 | R16: =biodiversity!$I$16 -> 2 | S16: =biodiversity!$H$16 -> 0 | T16: =biodiversity!$J$16 -> 2 | U16: 0.00665 | V16: 2 | W16: 110.51 | X16: 0 | Y16: 0 | AA16: 0.19539311 | AB16: 4 | AC16: 3249.3542 | AD16: 0.00098697992 | AE16: 2 | AF16: 16.413308 | AG16: 0.013595984 | AH16: 3 | AI16: 226.09891 | AJ16: 0 | AK16: 0 | AM16: 0.048745089 | AN16: 1 | AO16: 810.62255
A17: 180102080503 | B17: Oro Fino Creek-Scott River | C17: 25340.11 | E17: 3.1695235 | F17: 2 | G17: 2.6687244 | H17: 2 | I17: 2.9972685 | K17: 0.014926853 | L17: 2 | M17: 0.042206598 | N17: 1 | O17: 6.8928598 | P17: 1 | Q17: =biodiversity!$G$17 -> 0 | R17: =biodiversity!$I$17 -> 0 | S17: =biodiversity!$H$17 -> 0 | T17: =biodiversity!$J$17 -> 0 | U17: 2e-05 | V17: 1 | W17: 0.43 | X17: 0 | Y17: 0 | AA17: 0 | AB17: 0 | AD17: 0.00099813162 | AE17: 2 | AF17: 25.292765 | AG17: 0.010594797 | AH17: 3 | AI17: 268.47332 | AJ17: 0 | AK17: 0 | AM17: 0.10635958 | AN17: 2 | AO17: 2695.1634
A18: 180102080401 | B18: Patterson Creek | C18: 24156.5 | E18: 4.5569122 | F18: 5 | G18: 1.7232049 | H18: 1 | I18: 4.3143845 | K18: 0.21743889 | L18: 2 | M18: 0.74920879 | N18: 2 | O18: 51.121725 | P18: 2 | Q18: =biodiversity!$G$18 -> 4 | R18: =biodiversity!$I$18 -> 0 | S18: =biodiversity!$H$18 -> 0 | T18: =biodiversity!$J$18 -> 0 | U18: 0.00013 | V18: 1 | W18: 3.06 | X18: 0 | Y18: 0 | AA18: 0.17302173 | AB18: 4 | AC18: 4179.5995 | AD18: 3.1710871e-05 | AE18: 1 | AF18: 0.76602367 | AG18: 0.0011784337 | AH18: 1 | AI18: 28.466834 | AJ18: 0.35110594 | AK18: 5 | AL18: 8481.4907 | AM18: 0.18246945 | AN18: 2 | AO18: 4407.8232
A19: 180102080502 | B19: Shackleford Creek | C19: 27138.99 | E19: 3.7321617 | F19: 3 | G19: 2.3574017 | H19: 1 | I19: 5.720886 | K19: 1.1724882 | L19: 4 | M19: 2.3777206 | N19: 4 | O19: 176.3099 | P19: 4 | Q19: =biodiversity!$G$19 -> 4 | R19: =biodiversity!$I$19 -> 2 | S19: =biodiversity!$H$19 -> 2 | T19: =biodiversity!$J$19 -> 2 | U19: 0.02694 | V19: 4 | W19: 731.21 | X19: 0 | Y19: 0 | AA19: 0.012187767 | AB19: 1 | AC19: 330.76368 | AD19: 0.0073551347 | AE19: 5 | AF19: 199.61093 | AG19: 0.020466209 | AH19: 4 | AI19: 555.43223 | AJ19: 0.34877894 | AK19: 5 | AL19: 9465.5082 | AM19: 0.35258801 | AN19: 3 | AO19: 9568.8826
A20: 180102080504 | B20: Sniktaw Creek-Scott River | C20: 12263.57 | E20: 3.6955851 | F20: 3 | G20: 3.0857224 | H20: 4 | I20: 3.2296362 | K20: 0.11620083 | L20: 2 | M20: 0.86131348 | N20: 2 | O20: 29.86465 | P20: 1 | Q20: =biodiversity!$G$20 -> 0 | R20: =biodiversity!$I$20 -> 0 | S20: =biodiversity!$H$20 -> 0 | T20: =biodiversity!$J$20 -> 0 | U20: 0.00092 | V20: 1 | W20: 11.25 | X20: 0 | Y20: 0 | AA20: 0.0054490503 | AB20: 1 | AC20: 66.824809 | AD20: 0.00057312245 | AE20: 1 | AF20: 7.0285273 | AG20: 0.00847243 | AH20: 2 | AI20: 103.90224 | AJ20: 0.27521354 | AK20: 4 | AL20: 3375.1005 | AM20: 0.011153575 | AN20: 1 | AO20: 136.78265
A21: 180102080201 | B21: South Fork Scott River | C21: 28174.34 | E21: 4.1850177 | F21: 4 | G21: 2.3474409 | H21: 1 | I21: 7.4217319 | K21: 2.4607877 | L21: 5 | M21: 2.3325633 | N21: 4 | O21: 342.62633 | P21: 5 | Q21: =biodiversity!$G$21 -> 4 | R21: =biodiversity!$I$21 -> 2 | S21: =biodiversity!$H$21 -> 2 | T21: =biodiversity!$J$21 -> 2 | U21: 0.01031 | V21: 3 | W21: 290.41 | X21: 0 | Y21: 0 | AA21: 0.48564116 | AB21: 5 | AC21: 13682.619 | AD21: 0.011651672 | AE21: 5 | AF21: 328.27818 | AG21: 0.0455427 | AH21: 5 | AI21: 1283.1355 | AJ21: 0.022754605 | AK21: 1 | AL21: 641.09598 | AM21: 0.77073422 | AN21: 5 | AO21: 21714.928
A22: 180102080204 | B22: Sugar Creek-Scott River | C22: 24966.98 | E22: 3.2575244 | F22: 2 | G22: 2.8513527 | H22: 3 | I22: 6.3281945 | K22: 1.0435085 | L22: 3 | M22: 3.0193863 | N22: 4 | O22: 83.316363 | P22: 3 | Q22: =biodiversity!$G$22 -> 4 | R22: =biodiversity!$I$22 -> 2 | S22: =biodiversity!$H$22 -> 0 | T22: =biodiversity!$J$22 -> 2 | U22: 0.00112 | V22: 1 | W22: 28.03 | X22: 0 | Y22: 0 | AA22: 0 | AB22: 0 | AD22: 0.0018156037 | AE22: 3 | AF22: 45.330142 | AG22: 0.017059287 | AH22: 4 | AI22: 425.91888 | AJ22: 0.1830695 | AK22: 3 | AL22: 4570.6924 | AM22: 0.28336819 | AN22: 3 | AO22: 7074.848
A23: 180102080604 | B23: Tompkins Creek-Scott River | C23: 17635.53 | E23: 4.5856719 | F23: 5 | G23: 2.4928822 | H23: 2 | I23: 3.6262076 | K23: 1.3314902 | L23: 4 | M23: 0.19131703 | N23: 1 | O23: 90.639206 | P23: 3 | Q23: =biodiversity!$G$23 -> 3 | R23: =biodiversity!$I$23 -> 0 | S23: =biodiversity!$H$23 -> 0 | T23: =biodiversity!$J$23 -> 0 | U23: 0.00044 | V23: 1 | W23: 7.84 | X23: 0 | Y23: 0 | AA23: 0.071371805 | AB23: 3 | AC23: 1258.6796 | AD23: 0.00040023544 | AE23: 1 | AF23: 7.058364 | AG23: 0.0044225355 | AH23: 1 | AI23: 77.993758 | AJ23: 0 | AK23: 0 | AM23: 0.97543286 | AN23: 5 | AO23: 17202.275
A24: 180102080606 | B24: Town of Scott Bar-Scott River | C24: 25690.99 | E24: 4.1188576 | F24: 4 | G24: 2.7301096 | H24: 2 | I24: 4.8983866 | K24: 1.1650266 | L24: 4 | M24: 0.4696656 | N24: 1 | O24: 21.977467 | P24: 1 | Q24: =biodiversity!$G$24 -> 2 | R24: =biodiversity!$I$24 -> 2 | S24: =biodiversity!$H$24 -> 0 | T24: =biodiversity!$J$24 -> 0 | U24: 0.0006 | V24: 1 | W24: 15.52 | X24: 0 | Y24: 0 | AA24: 0.19709372 | AB24: 4 | AC24: 5063.5328 | AD24: 0.0017975055 | AE24: 3 | AF24: 46.179696 | AG24: 0.012180896 | AH24: 3 | AI24: 312.93928 | AJ24: 0 | AK24: 0 | AM24: 0.65923028 | AN24: 4 | AO24: 16936.278
A25: 180102080101 | B25: Upper East Fork Scott River | C25: 36911.8 | E25: 3.4749849 | F25: 3 | G25: 3.0860537 | H25: 4 | I25: 9.2086046 | K25: 0.79133057 | L25: 3 | M25: 4.8928299 | N25: 5 | O25: 300.3572 | P25: 5 | Q25: =biodiversity!$G$25 -> 4 | R25: =biodiversity!$I$25 -> 2 | S25: =biodiversity!$H$25 -> 0 | T25: =biodiversity!$J$25 -> 2 | U25: 0.00671 | V25: 2 | W25: 247.56 | X25: 0.035631875 | Y25: 1 | Z25: 1315.2367 | AA25: 0.074536358 | AB25: 3 | AC25: 2751.2711 | AD25: 0.0086924871 | AE25: 5 | AF25: 320.85534 | AG25: 0.049732677 | AH25: 5 | AI25: 1835.7226 | AJ25: 0 | AK25: 0 | AM25: 0.25214846 | AN25: 3 | AO25: 9307.2537
A26: 180102080301 | B26: Upper Moffett Creek | C26: 31806.71 | E26: 2.840664 | F26: 2 | G26: 2.7978034 | H26: 3 | I26: 1.65439 | K26: 0 | L26: 0 | M26: 0.27974527 | N26: 1 | O26: 37.971468 | P26: 2 | Q26: =biodiversity!$G$26 -> 0 | R26: =biodiversity!$I$26 -> 0 | S26: =biodiversity!$H$26 -> 0 | T26: =biodiversity!$J$26 -> 2 | U26: 0.00014 | V26: 1 | W26: 4.34 | X26: 0 | Y26: 0 | AA26: 0.068353628 | AB26: 3 | AC26: 2174.104 | AD26: 0.0039132146 | AE26: 4 | AF26: 124.46648 | AG26: 0.017368638 | AH26: 4 | AI26: 552.43924 | AJ26: 0 | AK26: 0 | AM26: 0.0049499108 | AN26: 1 | AO26: 157.44038

Sheet FedsByHUC12_Clipped_Merge
A1: OBJECTID_12 | B1: OBJECTID_1 | C1: OBJECTID | D1: APN | E1: GIS_ACRES | F1: Apn_join | G1: Shape_Leng | H1: ASMT | I1: Shape_Le_1 | J1: OBJECTID_2 | K1: Asmt_1 | L1: FeeParcel | M1: Zoning1 | N1: LandUse1 | O1: Neighborho | P1: CurrentDoc | Q1: CurrentD_1 | R1: AssesseeNa | S1: DBA | T1: Address1 | U1: Address2 | V1: Address3 | W1: Address4 | X1: LastOfLand | Y1: LastOfStru | Z1: LastOfFixt | AA1: LastOfFi_1 | AB1: LastOfPPBu | AC1: LastOfPPMH | AD1: LastOfHOXE | AE1: LastOfOthe | AF1: NetAssesse | AG1: LastOfOt_1 | AH1: Street | AI1: StreetNum | AJ1: StreetType | AK1: StreetDire | AL1: SpaceApt | AM1: Community | AN1: Zip | AO1: Sec | AP1: Township | AQ1: Range | AR1: Descr | AS1: LastOfDocN | AT1: RollYear | AU1: TimberPres | AV1: AgPreserve | AW1: Shape_Le_2 | AX1: HUC12 | AY1: Shape_Length | AZ1: Shape_Area
A2: 1 | B2: 26179 | C2: 26179 | D2: 023-280-040 | E2: 157.44038 | F2: 023-280-04 | G2: 10482.108 | H2: 023280040000 | I2: 10482.108 | J2: 18004 | K2: 023280040000 | L2: 023280040000 | N2: 007 | O2: 023 | P2: 1951R0276310 | Q2: 18745 | R2: U S A | X2: 0 | Y2: 0 | Z2: 0 | AA2: 0 | AB2: 0 | AC2: 0 | AD2: 0 | AE2: 0 | AF2: 0 | AO2: 2 | AP2: 42N | AQ2: 8W | AS2: 2016I601 | AT2: 2016 | AU2: No | AV2: No | AW2: 10482.108 | AX2: UpperMoffett_Feds_Clip | AY2: 10482.108 | AZ2: 6857639.6
A3: 2 | B3: 25742 | C3: 25742 | D3: 022-180-110 | E3: 42.819618 | F3: 022-180-11 | G3: 5686.1053 | H3: 022180110000 | I3: 5686.1058 | J3: 16697 | K3: 022180110000 | L3: 022180110000 | N3: 007 | O3: 022 | P3: 1966R0531329 | Q3: 24296 | R3: U S A | X3: 0 | Y3: 0 | Z3: 0 | AA3: 0 | AB3: 0 | AC3: 0 | AD3: 0 | AE3: 0 | AF3: 0 | AO3: 32 | AP3: 41N | AQ3: 7W | AS3: 2016I601 | AT3: 2016 | AU3: No | AV3: No | AW3: 5686.1058 | AX3: UpperEast_Scott_Feds_Clip | AY3: 5686.1058 | AZ3: 1864981.1
A4: 3 | B4: 2855 | C4: 2855 | D4: 022-130-120 | E4: 158.61626 | F4: 022-130-12 | G4: 10514.306 | H4: 022130120000 | I4: 10514.306 | J4: 16644 | K4: 022130120000 | L4: 022130120000 | N4: 007 | O4: 022 | Q4: 40030 | R4: U S A KNF | X4: 0 | Y4: 0 | Z4: 0 | AA4: 0 | AB4: 0 | AC4: 0 | AD4: 0 | AE4: 0 | AF4: 0 | AO4: 11 | AP4: 41N | AQ4: 7W | AS4: 2016I601 | AT4: 2016 | AU4: No | AV4: No | AW4: 10514.306 | AX4: UpperEast_Scott_Feds_Clip | AY4: 10514.306 | AZ4: 6908568.6
A5: 4 | B5: 7625 | C5: 7625 | D5: 031-350-180 | E5: 223.53406 | F5: 031-350-18 | G5: 21234.829 | H5: 031350180000 | I5: 21234.829 | J5: 23392 | K5: 031350180000 | L5: 031350180000 | N5: 007 | O5: 031 | Q5: 40030 | R5: U S A KNF | X5: 0 | Y5: 0 | Z5: 0 | AA5: 0 | AB5: 0 | AC5: 0 | AD5: 0 | AE5: 0 | AF5: 0 | AO5: 16 | AP5: 40N | AQ5: 7W | AS5: 2016I601 | AT5: 2016 | AU5: No | AV5: No | AW5: 21234.829 | AX5: UpperEast_Scott_Feds_Clip | AY5: 16219.271 | AZ5: 9735951.6
A6: 5 | B6: 18621 | C6: 18621 | D6: 022-160-090 | E6: 636.34312 | F6: 022-160-09 | G6: 21059.351 | H6: 022160090000 | I6: 21059.351 | J6: 16684 | K6: 022160090000 | L6: 022160090000 | N6: 007 | O6: 022 | Q6: 40030 | R6: U S A KNF | X6: 0 | Y6: 0 | Z6: 0 | AA6: 0 | AB6: 0 | AC6: 0 | AD6: 0 | AE6: 0 | AF6: 0 | AO6: 24 | AP6: 41N | AQ6: 7W | AS6: 2016I601 | AT6: 2016 | AU6: No | AV6: No | AW6: 21059.351 | AX6: UpperEast_Scott_Feds_Clip | AY6: 21059.351 | AZ6: 27715822
A7: 6 | B7: 20365 | C7: 20365 | D7: 031-350-170 | E7: 351.57956 | F7: 031-350-17 | G7: 18354.363 | H7: 031350170000 | I7: 18354.363 | J7: 23391 | K7: 031350170000 | L7: 031350170000 | N7: 007 | O7: 031 | Q7: 40030 | R7: U S A KNF | X7: 0 | Y7: 0 | Z7: 0 | AA7: 0 | AB7: 0 | AC7: 0 | AD7: 0 | AE7: 0 | AF7: 0 | AO7: 18 | AP7: 40N | AQ7: 7W | AS7: 2016I601 | AT7: 2016 | AU7: No | AV7: No | AW7: 18354.363 | AX7: UpperEast_Scott_Feds_Clip | AY7: 17896.77 | AZ7: 15312682
A8: 7 | B8: 21492 | C8: 21492 | D8: 022-170-070 | E8: 635.74029 | F8: 022-170-07 | G8: 21098.452 | H8: 022170070000 | I8: 21098.452 | J8: 16691 | K8: 022170070000 | L8: 022170070000 | N8: 007 | O8: 022 | Q8: 40030 | R8: U S A KNF | X8: 0 | Y8: 0 | Z8: 0 | AA8: 0 | AB8: 0 | AC8: 0 | AD8: 0 | AE8: 0 | AF8: 0 | AO8: 34 | AP8: 41N | AQ8: 7W | AS8: 2016I601 | AT8: 2016 | AU8: No | AV8: No | AW8: 21098.452 | AX8: UpperEast_Scott_Feds_Clip | AY8: 21098.452 | AZ8: 27689176
A9: 8 | B9: 21545 | C9: 21545 | D9: 022-160-060 | E9: 479.13344 | F9: 022-160-06 | G9: 21091.999 | H9: 022160060000 | I9: 21091.998 | J9: 16681 | K9: 022160060000 | L9: 022160060000 | N9: 007 | O9: 022 | Q9: 40030 | R9: U S A KNF | X9: 0 | Y9: 0 | Z9: 0 | AA9: 0 | AB9: 0 | AC9: 0 | AD9: 0 | AE9: 0 | AF9: 0 | AO9: 14 | AP9: 41N | AQ9: 7W | AS9: 2016I601 | AT9: 2016 | AU9: No | AV9: No | AW9: 21091.998 | AX9: UpperEast_Scott_Feds_Clip | AY9: 21091.998 | AZ9: 20868264
A10: 9 | B10: 21553 | C10: 21553 | D10: 022-160-070 | E10: 323.125 | F10: 022-160-07 | G10: 15876.328 | H10: 022160070000 | I10: 15876.328 | J10: 16682 | K10: 022160070000 | L10: 022160070000 | N10: 007 | O10: 022 | Q10: 40030 | R10: U S A KNF | X10: 0 | Y10: 0 | Z10: 0 | AA10: 0 | AB10: 0 | AC10: 0 | AD10: 0 | AE10: 0 | AF10: 0 | AO10: 13 | AP10: 41N | AQ10: 7W | AS10: 2016I601 | AT10: 2016 | AU10: No | AV10: No | AW10: 15876.328 | AX10: UpperEast_Scott_Feds_Clip | AY10: 15876.328 | AZ10: 14073728
A11: 10 | B11: 22664 | C11: 22664 | D11: 031-410-040 | E11: 180.36754 | F11: 031-410-04 | G11: 13232.16 | H11: 031410040000 | I11: 13232.16 | J11: 23433 | K11: 031410040000 | L11: 031410040000 | N11: 007 | O11: 031 | Q11: 40030 | R11: U S A KNF | X11: 0 | Y11: 0 | Z11: 0 | AA11: 0 | AB11: 0 | AC11: 0 | AD11: 0 | AE11: 0 | AF11: 0 | AO11: 8 | AP11: 40N | AQ11: 6W | AS11: 2016I601 | AT11: 2016 | AU11: No | AV11: No | AW11: 13232.16 | AX11: UpperEast_Scott_Feds_Clip | AY11: 13182.418 | AZ11: 7855746.2
A12: 11 | B12: 22751 | C12: 22751 | D12: 022-130-130 | E12: 648.91318 | F12: 022-130-13 | G12: 21276.923 | H12: 022130130000 | I12: 21276.923 | J12: 16645 | K12: 022130130000 | L12: 022130130000 | N12: 007 | O12: 022 | Q12: 40030 | R12: U S A KNF | X12: 0 | Y12: 0 | Z12: 0 | AA12: 0 | AB12: 0 | AC12: 0 | AD12: 0 | AE12: 0 | AF12: 0 | AO12: 12 | AP12: 41N | AQ12: 7W | AS12: 2016I601 | AT12: 2016 | AU12: No | AV12: No | AW12: 21276.923 | AX12: UpperEast_Scott_Feds_Clip | AY12: 21276.923 | AZ12: 28263538
A13: 12 | B13: 25115 | C13: 25115 | D13: 031-330-060 | E13: 632.67946 | F13: 031-330-06 | G13: 21035.556 | H13: 031330060000 | I13: 21035.557 | J13: 23370 | K13: 031330060000 | L13: 031330060000 | N13: 007 | O13: 031 | Q13: 40030 | R13: U S A KNF | X13: 0 | Y13: 0 | Z13: 0 | AA13: 0 | AB13: 0 | AC13: 0 | AD13: 0 | AE13: 0 | AF13: 0 | AO13: 12 | AP13: 40N | AQ13: 7W | AS13: 2016I601 | AT13: 2016 | AU13: No | AV13: No | AW13: 21035.557 | AX13: UpperEast_Scott_Feds_Clip | AY13: 21035.557 | AZ13: 27555482
A14: 13 | B14: 26376 | C14: 26376 | D14: 022-170-060 | E14: 612.50647 | F14: 022-170-06 | G14: 22004.141 | H14: 022170060000 | I14: 22004.141 | J14: 16690 | K14: 022170060000 | L14: 022170060000 | N14: 007 | O14: 022 | Q14: 40030 | R14: U S A KNF | X14: 0 | Y14: 0 | Z14: 0 | AA14: 0 | AB14: 0 | AC14: 0 | AD14: 0 | AE14: 0 | AF14: 0 | AO14: 26 | AP14: 41N | AQ14: 7W | AS14: 2016I601 | AT14: 2016 | AU14: No | AV14: No | AW14: 22004.141 | AX14: UpperEast_Scott_Feds_Clip | AY14: 22004.141 | AZ14: 26677093
A15: 14 | B15: 29154 | C15: 29154 | D15: 031-360-030 | E15: 251.18196 | F15: 031-360-03 | G15: 20043.718 | H15: 031360030000 | I15: 20043.718 | J15: 23403 | K15: 031360030000 | L15: 031360030000 | N15: 007 | O15: 031 | Q15: 40030 | R15: U S A KNF | X15: 0 | Y15: 0 | Z15: 0 | AA15: 0 | AB15: 0 | AC15: 0 | AD15: 0 | AE15: 0 | AF15: 0 | AO15: 14 | AP15: 40N | AQ15: 7W | AS15: 2016I601 | AT15: 2016 | AU15: No | AV15: No | AW15: 20043.718 | AX15: UpperEast_Scott_Feds_Clip | AY15: 15676.665 | AZ15: 10940631
... A26: 25 | B26: 41685 | C26: 41685 | D26: 031-330-040 | E26: 39.423977 | F26: 031-330-04 | G26: 11289.789 | H26: 031330040000 | I26: 11289.788 | J26: 23368 | K26: 031330040000 | L26: 031330040000 | N26: 007 | O26: 031 | Q26: 40030 | R26: U S A KNF | X26: 0 | Y26: 0 | Z26: 0 | AA26: 0 | AB26: 0 | AC26: 0 | AD26: 0 | AE26: 0 | AF26: 0 | AO26: 2 | AP26: 40N | AQ26: 7W | AS26: 2016I601 | AT26: 2016 | AU26: No | AV26: No | AW26: 11289.788 | AX26: UpperEast_Scott_Feds_Clip | AY26: 11289.788 | AZ26: 1716784.5
A27: 26 | B27: 41737 | C27: 41737 | D27: 031-330-050 | E27: 635.50968 | F27: 031-330-05 | G27: 21055.956 | H27: 031330050000 | I27: 21055.956 | J27: 23369 | K27: 031330050000 | L27: 031330050000 | N27: 007 | O27: 031 | Q27: 40030 | R27: U S A KNF | X27: 0 | Y27: 0 | Z27: 0 | AA27: 0 | AB27: 0 | AC27: 0 | AD27: 0 | AE27: 0 | AF27: 0 | AO27: 10 | AP27: 40N | AS27: 2016I601 | AT27: 2016 | AU27: No | AV27: No | AW27: 21055.956 | AX27: UpperEast_Scott_Feds_Clip | AY27: 21055.956 | AZ27: 27679144
A28: 27 | B28: 41740 | C28: 41740 | D28: 031-410-030 | E28: 46.215845 | F28: 031-410-03 | G28: 11756.007 | H28: 031410030000 | I28: 11756.007 | J28: 23432 | K28: 031410030000 | L28: 031410030000 | N28: 007 | O28: 031 | Q28: 40030 | R28: U S A KNF | X28: 0 | Y28: 0 | Z28: 0 | AA28: 0 | AB28: 0 | AC28: 0 | AD28: 0 | AE28: 0 | AF28: 0 | AO28: 7 | AP28: 40N | AQ28: 6W | AS28: 2016I601 | AT28: 2016 | AU28: No | AV28: No | AW28: 11756.007 | AX28: UpperEast_Scott_Feds_Clip | AY28: 11756.007 | AZ28: 2012407.8
A29: 28 | B29: 30154 | C29: 30154 | D29: 015-300-040 | E29: 35.027561 | F29: 015-300-04 | G29: 7980.4812 | H29: 015300040000 | I29: 7980.482 | J29: 10925 | K29: 015300040000 | L29: 015300040000 | N29: 007 | O29: 015 | P29: 1963R0488168 | Q29: 23118 | R29: U S A | X29: 0 | Y29: 0 | Z29: 0 | AA29: 0 | AB29: 0 | AC29: 0 | AD29: 0 | AE29: 0 | AF29: 0 | AO29: 21,28 | AP29: 45N | AQ29: 10W | AS29: 2016I601 | AT29: 2016 | AU29: No | AV29: No | AW29: 7980.482 | AX29: TownofScottBar_Scott_Feds_Clip | AY29: 7980.482 | AZ29: 1525851.2
A30: 29 | B30: 31919 | C30: 31919 | D30: 015-580-020 | E30: 2.4545424 | F30: 015-580-02 | G30: 1313.082 | H30: 015580020000 | I30: 1313.082 | J30: 11327 | K30: 015580020000 | L30: 015580020000 | N30: 007 | O30: 015 | Q30: 40030 | R30: U S A | X30: 0 | Y30: 0 | Z30: 0 | AA30: 0 | AB30: 0 | AC30: 0 | AD30: 0 | AE30: 0 | AF30: 0 | AO30: 21 | AP30: 45N | AQ30: 10W | AS30: 2016I601 | AT30: 2016 | AU30: No | AV30: No | AW30: 1313.082 | AX30: TownofScottBar_Scott_Feds_Clip | AY30: 1313.082 | AZ30: 106924.14
A31: 30 | B31: 596 | C31: 596 | D31: 015-490-030 | E31: 296.61556 | F31: 015-490-03 | G31: 17586.786 | H31: 015490030000 | I31: 17586.787 | J31: 11142 | K31: 015490030000 | L31: 015490030000 | N31: 007 | O31: 015 | Q31: 40030 | R31: U S A KNF | X31: 0 | Y31: 0 | Z31: 0 | AA31: 0 | AB31: 0 | AC31: 0 | AD31: 0 | AE31: 0 | AF31: 0 | AO31: 17 | AP31: 45N | AQ31: 10W | AS31: 2016I601 | AT31: 2016 | AU31: No | AV31: No | AW31: 17586.787 | AX31: TownofScottBar_Scott_Feds_Clip | AY31: 17586.787 | AZ31: 12921174
A32: 31 | B32: 883 | C32: 883 | D32: 015-290-030 | E32: 310.55001 | F32: 015-290-03 | G32: 15631.045 | H32: 015290030000 | I32: 15631.045 | J32: 10922 | K32: 015290030000 | L32: 015290030000 | N32: 007 | O32: 015 | Q32: 40030 | R32: U S A KNF | X32: 0 | Y32: 0 | Z32: 0 | AA32: 0 | AB32: 0 | AC32: 0 | AD32: 0 | AE32: 0 | AF32: 0 | AO32: 17 | AP32: 45N | AQ32: 10W | AS32: 2016I601 | AT32: 2016 | AU32: No | AV32: No | AW32: 15631.045 | AX32: TownofScottBar_Scott_Feds_Clip | AY32: 15631.045 | AZ32: 13528131
A33: 32 | B33: 891 | C33: 891 | D33: 015-510-230 | E33: 9.3852557 | F33: 015-510-23 | G33: 4974.6615 | H33: 015510230000 | I33: 4974.6619 | J33: 11158 | K33: 015510230000 | L33: 015510230000 | N33: 007 | O33: 015 | Q33: 40030 | R33: U S A KNF | X33: 0 | Y33: 0 | Z33: 0 | AA33: 0 | AB33: 0 | AC33: 0 | AD33: 0 | AE33: 0 | AF33: 0 | AO33: 16 | AP33: 45N | AQ33: 10W | AS33: 2016I601 | AT33: 2016 | AU33: No | AV33: No | AW33: 4974.6619 | AX33: TownofScottBar_Scott_Feds_Clip | AY33: 4974.6619 | AZ33: 408826.52
A34: 33 | B34: 1928 | C34: 1928 | D34: 015-250-080 | E34: 1.0143413 | F34: 015-250-08 | G34: 1568.5315 | H34: 015250080000 | I34: 1568.5314 | J34: 10627 | K34: 015250080000 | L34: 015250080000 | N34: 007 | O34: 015 | Q34: 40030 | R34: U S A KNF | X34: 0 | Y34: 0 | Z34: 0 | AA34: 0 | AB34: 0 | AC34: 0 | AD34: 0 | AE34: 0 | AF34: 0 | AO34: 1 | AP34: 45N | AQ34: 10W | AS34: 2016I601 | AT34: 2016 | AU34: No | AV34: No | AW34: 1568.5314 | AX34: TownofScottBar_Scott_Feds_Clip | AY34: 928.7908 | AZ34: 44187.214
A35: 34 | B35: 3224 | C35: 3224 | D35: 015-170-060 | E35: 623.96004 | F35: 015-170-06 | G35: 20856.341 | H35: 015170060000 | I35: 20856.341 | J35: 10820 | K35: 015170060000 | L35: 015170060000 | N35: 007 | O35: 015 | Q35: 40030 | R35: U S A KNF | X35: 0 | Y35: 0 | Z35: 0 | AA35: 0 | AB35: 0 | AC35: 0 | AD35: 0 | AE35: 0 | AF35: 0 | AO35: 35 | AP35: 45N | AQ35: 11W | AS35: 2016I601 | AT35: 2016 | AU35: No | AV35: No | AW35: 20856.341 | AX35: TownofScottBar_Scott_Feds_Clip | AY35: 20856.341 | AZ35: 27180745
A36: 35 | B36: 3464 | C36: 3464 | D36: 015-250-050 | E36: 372.3946 | F36: 015-250-05 | G36: 16889.912 | H36: 015250050000 | I36: 16889.913 | J36: 10624 | K36: 015250050000 | L36: 015250050000 | N36: 007 | O36: 015 | Q36: 40030 | R36: U S A KNF | X36: 0 | Y36: 0 | Z36: 0 | AA36: 0 | AB36: 0 | AC36: 0 | AD36: 0 | AE36: 0 | AF36: 0 | AO36: 5 | AP36: 45N | AQ36: 10W | AS36: 2016I601 | AT36: 2016 | AU36: No | AV36: No | AW36: 16889.913 | AX36: TownofScottBar_Scott_Feds_Clip | AY36: 15966.821 | AZ36: 16222265
A37: 36 | B37: 4767 | C37: 4767 | D37: 015-160-060 | E37: 477.0631 | F37: 015-160-06 | G37: 20088.146 | H37: 015160060000 | I37: 20088.146 | J37: 10815 | K37: 015160060000 | L37: 015160060000 | N37: 007 | O37: 015 | Q37: 40030 | R37: U S A KNF | X37: 0 | Y37: 0 | Z37: 0 | AA37: 0 | AB37: 0 | AC37: 0 | AD37: 0 | AE37: 0 | AF37: 0 | AO37: 24 | AP37: 45N | AQ37: 11W | AS37: 2016I601 | AT37: 2016 | AU37: No | AV37: No | AW37: 20088.146 | AX37: TownofScottBar_Scott_Feds_Clip | AY37: 20057.93 | AZ37: 20781162
A38: 37 | B38: 4768 | C38: 4768 | D38: 015-290-010 | E38: 602.06727 | F38: 015-290-01 | G38: 20485.517 | H38: 015290010000 | I38: 20485.517 | J38: 10920 | K38: 015290010000 | L38: 015290010000 | N38: 007 | O38: 015 | P38: 1981R0933530 | Q38: 29937 | R38: U S A KNF | X38: 0 | Y38: 0 | Z38: 0 | AA38: 0 | AB38: 0 | AC38: 0 | AD38: 0 | AE38: 0 | AF38: 0 | AO38: 19 | AP38: 45N | AQ38: 10W | AS38: 2016I601 | AT38: 2016 | AU38: No | AV38: No | AW38: 20485.517 | AX38: TownofScottBar_Scott_Feds_Clip | AY38: 20485.517 | AZ38: 26227007
A39: 38 | B39: 4774 | C39: 4774 | D39: 015-300-090 | E39: 408.23498 | F39: 015-300-09 | G39: 31862.735 | H39: 015300090000 | I39: 31862.736 | J39: 10929 | K39: 015300090000 | L39: 015300090000 | N39: 007 | O39: 015 | Q39: 40030 | R39: U S A KNF | X39: 0 | Y39: 0 | Z39: 0 | AA39: 0 | AB39: 0 | AC39: 0 | AD39: 0 | AE39: 0 | AF39: 0 | AO39: 21 | AP39: 45N | AQ39: 10W | AS39: 2016I601 | AT39: 2016 | AU39: No | AV39: No | AW39: 31862.736 | AX39: TownofScottBar_Scott_Feds_Clip | AY39: 30887.918 | AZ39: 17783144
A40: 39 | B40: 5142 | C40: 5142 | D40: 015-190-080 | E40: 117.26603 | F40: 015-190-08 | G40: 15932.47 | H40: 015190080000 | I40: 15932.471 | J40: 10832 | K40: 015190080000 | L40: 015190080000 | N40: 007 | O40: 015 | Q40: 40030 | R40: U S A KNF | X40: 0 | Y40: 0 | Z40: 0 | AA40: 0 | AB40: 0 | AC40: 0 | AD40: 0 | AE40: 0 | AF40: 0 | AO40: 3 | AP40: 44N | AQ40: 11W | AS40: 2016I601 | AT40: 2016 | AU40: No | AV40: No | AW40: 15932.471 | AX40: TownofScottBar_Scott_Feds_Clip | AY40: 9743.3964 | AZ40: 5108223.6
A41: 40 | B41: 5148 | C41: 5148 | D41: 015-190-090 | E41: 518.40829 | F41: 015-190-09 | G41: 31675.236 | H41: 015190090000 | I41: 31675.236 | J41: 10833 | K41: 015190090000 | L41: 015190090000 | N41: 007 | O41: 015 | Q41: 40030 | R41: U S A KNF | X41: 0 | Y41: 0 | Z41: 0 | AA41: 0 | AB41: 0 | AC41: 0 | AD41: 0 | AE41: 0 | AF41: 0 | AO41: 2 | AP41: 44N | AQ41: 11W | AS41: 2016I601 | AT41: 2016 | AU41: No | AV41: No | AW41: 31675.236 | AX41: TownofScottBar_Scott_Feds_Clip | AY41: 31675.236 | AZ41: 22582167
A42: 41 | B42: 7228 | C42: 7228 | D42: 015-160-050 | E42: 229.84736 | F42: 015-160-05 | G42: 19841.953 | H42: 015160050000 | I42: 19841.953 | J42: 10814 | K42: 015160050000 | L42: 015160050000 | N42: 007 | O42: 015 | Q42: 40030 | R42: U S A KNF | X42: 0 | Y42: 0 | Z42: 0 | AA42: 0 | AB42: 0 | AC42: 0 | AD42: 0 | AE42: 0 | AF42: 0 | AO42: 23 | AP42: 45N | AQ42: 11W | AS42: 2016I601 | AT42: 2016 | AU42: No | AV42: No | AW42: 19841.953 | AX42: TownofScottBar_Scott_Feds_Clip | AY42: 14005.365 | AZ42: 10012257
A43: 42 | B43: 7229 | C43: 7229 | D43: 015-300-080 | E43: 630.04869 | F43: 015-300-08 | G43: 20958.389 | H43: 015300080000 | I43: 20958.39 | J43: 10928 | K43: 015300080000 | L43: 015300080000 | N43: 007 | O43: 015 | Q43: 40030 | R43: U S A KNF | X43: 0 | Y43: 0 | Z43: 0 | AA43: 0 | AB43: 0 | AC43: 0 | AD43: 0 | AE43: 0 | AF43: 0 | AO43: 20 | AP43: 45N | AQ43: 10W | AS43: 2016I601 | AT43: 2016 | AU43: No | AV43: No | AW43: 20958.39 | AX43: TownofScottBar_Scott_Feds_Clip | AY43: 20958.39 | AZ43: 27446346
A44: 43 | B44: 7275 | C44: 7275 | D44: 015-260-010 | E44: 344.80962 | F44: 015-260-01 | G44: 17043.443 | H44: 015260010000 | I44: 17043.443 | J44: 10628 | K44: 015260010000 | L44: 015260010000 | N44: 007 | O44: 015 | Q44: 40030 | R44: U S A KNF | X44: 0 | Y44: 0 | Z44: 0 | AA44: 0 | AB44: 0 | AC44: 0 | AD44: 0 | AE44: 0 | AF44: 0 | AO44: 5 | AP44: 45N | AQ44: 10W | AS44: 2016I601 | AT44: 2016 | AU44: No | AV44: No | AW44: 17043.443 | AX44: TownofScottBar_Scott_Feds_Clip | AY44: 16516.706 | AZ44: 15020378
A45: 44 | B45: 7565 | C45: 7565 | D45: 015-270-180 | E45: 0.024538516 | F45: 015-270-18 | G45: 159.45775 | H45: 015270180000 | I45: 159.45784 | J45: 10902 | K45: 015270180000 | L45: 015270180000 | N45: 007 | O45: 015 | Q45: 40030 | R45: U S A KNF | X45: 0 | Y45: 0 | Z45: 0 | AA45: 0 | AB45: 0 | AC45: 0 | AD45: 0 | AE45: 0 | AF45: 0 | AO45: 6 | AP45: 45N | AQ45: 10W | AS45: 2016I601 | AT45: 2016 | AU45: No | AV45: No | AW45: 159.45784 | AX45: TownofScottBar_Scott_Feds_Clip | AY45: 159.45784 | AZ45: 1068.9604
A46: 45 | B46: 7776 | C46: 7776 | D46: 015-260-020 | E46: 391.3589 | F46: 015-260-02 | G46: 16950.782 | H46: 015260020000 | I46: 16950.782 | J46: 10629 | K46: 015260020000 | L46: 015260020000 | N46: 007 | O46: 015 | Q46: 40030 | R46: U S A KNF | X46: 0 | Y46: 0 | Z46: 0 | AA46: 0 | AB46: 0 | AC46: 0 | AD46: 0 | AE46: 0 | AF46: 0 | AO46: 4 | AP46: 45N | AQ46: 10W | AS46: 2016I601 | AT46: 2016 | AU46: No | AV46: No | AW46: 16950.782 | AX46: TownofScottBar_Scott_Feds_Clip | AY46: 16680.208 | AZ46: 17048182
A47: 46 | B47: 8499 | C47: 8499 | D47: 015-500-070 | E47: 4.2650297 | F47: 015-500-07 | G47: 2238.4623 | H47: 015500070000 | I47: 2238.4622 | J47: 11149 | K47: 015500070000 | L47: 015500070000 | N47: 007 | O47: 015 | Q47: 40030 | R47: U S A KNF | X47: 0 | Y47: 0 | Z47: 0 | AA47: 0 | AB47: 0 | AC47: 0 | AD47: 0 | AE47: 0 | AF47: 0 | AO47: 16 | AP47: 45N | AQ47: 10W | AS47: 2016I601 | AT47: 2016 | AU47: No | AV47: No | AW47: 2238.4622 | AX47: TownofScottBar_Scott_Feds_Clip | AY47: 2238.4622 | AZ47: 185795.1
A48: 47 | B48: 8666 | C48: 8666 | D48: 015-330-070 | E48: 610.65745 | F48: 015-330-07 | G48: 20632.47 | H48: 015330070000 | I48: 20632.471 | J48: 10679 | K48: 015330070000 | L48: 015330070000 | N48: 007 | O48: 015 | Q48: 40030 | R48: U S A KNF | X48: 0 | Y48: 0 | Z48: 0 | AA48: 0 | AB48: 0 | AC48: 0 | AD48: 0 | AE48: 0 | AF48: 0 | AO48: 34 | AP48: 45N | AQ48: 10W | AS48: 2016I601 | AT48: 2016 | AU48: No | AV48: No | AW48: 20632.471 | AX48: TownofScottBar_Scott_Feds_Clip | AY48: 20632.471 | AZ48: 26600795
A49: 48 | B49: 10179 | C49: 10179 | D49: 015-350-130 | E49: 596.77409 | F49: 015-350-13 | G49: 20394.165 | H49: 015350130000 | I49: 20394.165 | J49: 10687 | K49: 015350130000 | L49: 015350130000 | N49: 007 | O49: 015 | Q49: 40030 | R49: U S A KNF | X49: 0 | Y49: 0 | Z49: 0 | AA49: 0 | AB49: 0 | AC49: 0 | AD49: 0 | AE49: 0 | AF49: 0 | AO49: 30 | AP49: 45N | AQ49: 10W | AS49: 2016I601 | AT49: 2016 | AU49: No | AV49: No | AW49: 20394.165 | AX49: TownofScottBar_Scott_Feds_Clip | AY49: 20394.165 | AZ49: 25996239
A50: 49 | B50: 10440 | C50: 10440 | D50: 015-280-160 | E50: 575.04598 | F50: 015-280-16 | G50: 20600.44 | H50: 015280160000 | I50: 20600.44 | J50: 10913 | K50: 015280160000 | L50: 015280160000 | N50: 007 | O50: 015 | Q50: 40030 | R50: U S A KNF | X50: 0 | Y50: 0 | Z50: 0 | AA50: 0 | AB50: 0 | AC50: 0 | AD50: 0 | AE50: 0 | AF50: 0 | AO50: 7 | AP50: 45N | AQ50: 10W | AS50: 2016I601 | AT50: 2016 | AU50: No | AV50: No | AW50: 20600.44 | AX50: TownofScottBar_Scott_Feds_Clip | AY50: 20051.299 | AZ50: 25049904
... A55: 54 | B55: 11550 | C55: 11550 | D55: 015-260-030 | E55: 596.88632 | F55: 015-260-03 | G55: 20407.619 | H55: 015260030000 | I55: 20407.619 | J55: 10630 | K55: 015260030000 | L55: 015260030000 | N55: 007 | O55: 015 | Q55: 40030 | R55: U S A KNF | X55: 0 | Y55: 0 | Z55: 0 | AA55: 0 | AB55: 0 | AC55: 0 | AD55: 0 | AE55: 0 | AF55: 0 | AO55: 9 | AP55: 45N | AQ55: 10W | AS55: 2016I601 | AT55: 2016 | AU55: No | AV55: No | AW55: 20407.619 | AX55: TownofScottBar_Scott_Feds_Clip | AY55: 20407.619 | AZ55: 26001730
A56: 55 | B56: 11689 | C56: 11689 | D56: 015-130-070 | E56: 89.941043 | F56: 015-130-07 | G56: 20472.484 | H56: 015130070000 | I56: 20472.484 | J56: 10796 | K56: 015130070000 | L56: 015130070000 | N56: 007 | O56: 015 | Q56: 40030 | R56: U S A KNF | X56: 0 | Y56: 0 | Z56: 0 | AA56: 0 | AB56: 0 | AC56: 0 | AD56: 0 | AE56: 0 | AF56: 0 | AO56: 12 | AQ56: 11W | AS56: 2016I601 | AT56: 2016 | AU56: No | AV56: No | AW56: 20472.484 | AX56: TownofScottBar_Scott_Feds_Clip | AY56: 10372.444 | AZ56: 3917997.3
A57: 56 | B57: 13915 | C57: 13915 | D57: 015-430-040 | E57: 141.31865 | F57: 015-430-04 | G57: 18544.681 | H57: 015430040000 | I57: 18544.681 | J57: 11097 | K57: 015430040000 | L57: 015430040000 | N57: 007 | O57: 015 | Q57: 40030 | R57: U S A KNF | X57: 0 | Y57: 0 | Z57: 0 | AA57: 0 | AB57: 0 | AC57: 0 | AD57: 0 | AE57: 0 | AF57: 0 | AO57: 3 | AP57: 44N | AQ57: 11W | AS57: 2016I601 | AT57: 2016 | AU57: No | AV57: No | AW57: 18544.681 | AX57: TownofScottBar_Scott_Feds_Clip | AY57: 9911.3944 | AZ57: 6155868.2
A58: 57 | B58: 14096 | C58: 14096 | D58: 015-510-220 | E58: 18.264367 | F58: 015-510-22 | G58: 9649.5585 | H58: 015510220000 | I58: 9649.5584 | J58: 11157 | K58: 015510220000 | L58: 015510220000 | N58: 007 | O58: 015 | Q58: 40030 | R58: U S A KNF | X58: 0 | Y58: 0 | Z58: 0 | AA58: 0 | AB58: 0 | AC58: 0 | AD58: 0 | AE58: 0 | AF58: 0 | AO58: 16 | AP58: 45N | AQ58: 10W | AS58: 2016I601 | AT58: 2016 | AU58: No | AV58: No | AW58: 9649.5584 | AX58: TownofScottBar_Scott_Feds_Clip | AY58: 4849.6004 | AZ58: 795661.54
A59: 58 | B59: 14151 | C59: 14151 | D59: 015-380-070 | E59: 618.69661 | F59: 015-380-07 | G59: 20778.27 | H59: 015380070000 | I59: 20778.27 | J59: 10965 | K59: 015380070000 | L59: 015380070000 | N59: 007 | O59: 015 | Q59: 40030 | R59: U S A KNF | X59: 0 | Y59: 0 | Z59: 0 | AA59: 0 | AB59: 0 | AC59: 0 | AD59: 0 | AE59: 0 | AF59: 0 | AO59: 6 | AP59: 44N | AQ59: 10W | AS59: 2016I601 | AT59: 2016 | AU59: No | AV59: No | AW59: 20778.27 | AX59: TownofScottBar_Scott_Feds_Clip | AY59: 20778.27 | AZ59: 26950786
A60: 59 | B60: 16215 | C60: 16215 | D60: 015-220-420 | E60: 267.67428 | F60: 015-220-42 | G60: 21770.907 | H60: 015220420000 | I60: 21770.907 | J60: 10878 | K60: 015220420000 | L60: 015220420000 | N60: 007 | O60: 015 | Q60: 40030 | R60: U S A KNF | X60: 0 | Y60: 0 | Z60: 0 | AA60: 0 | AB60: 0 | AC60: 0 | AD60: 0 | AE60: 0 | AF60: 0 | AO60: 14 | AP60: 44N | AQ60: 11W | AS60: 2016I601 | AT60: 2016 | AU60: No | AV60: No | AW60: 21770.907 | AX60: TownofScottBar_Scott_Feds_Clip | AY60: 15188.815 | AZ60: 11660403
A61: 60 | B61: 16629 | C61: 16629 | D61: 015-190-110 | E61: 14.37864 | F61: 015-190-11 | G61: 16578.518 | H61: 015190110000 | I61: 16578.519 | J61: 10835 | K61: 015190110000 | L61: 015190110000 | N61: 007 | O61: 015 | Q61: 40030 | R61: U S A KNF | X61: 0 | Y61: 0 | Z61: 0 | AA61: 0 | AB61: 0 | AC61: 0 | AD61: 0 | AE61: 0 | AF61: 0 | AO61: 10 | AP61: 44N | AQ61: 11W | AS61: 2016I601 | AT61: 2016 | AU61: No | AV61: No | AW61: 16578.519 | AX61: TownofScottBar_Scott_Feds_Clip | AY61: 6040.5799 | AZ61: 626331.27
A62: 61 | B62: 17167 | C62: 17167 | D62: 015-190-100 | E62: 554.76422 | F62: 015-190-10 | G62: 24273.059 | H62: 015190100000 | I62: 24273.059 | J62: 10834 | K62: 015190100000 | L62: 015190100000 | N62: 007 | O62: 015 | Q62: 40030 | R62: U S A KNF | X62: 0 | Y62: 0 | Z62: 0 | AA62: 0 | AB62: 0 | AC62: 0 | AD62: 0 | AE62: 0 | AF62: 0 | AO62: 1 | AP62: 44N | AQ62: 11W | AS62: 2016I601 | AT62: 2016 | AU62: No | AV62: No | AW62: 24273.059 | AX62: TownofScottBar_Scott_Feds_Clip | AY62: 24273.059 | AZ62: 24165529
A63: 62 | B63: 17318 | C63: 17318 | D63: 015-360-050 | E63: 551.73431 | F63: 015-360-05 | G63: 27432.806 | H63: 015360050000 | I63: 27432.807 | J63: 10946 | K63: 015360050000 | L63: 015360050000 | N63: 007 | O63: 015 | Q63: 40030 | R63: U S A KNF | X63: 0 | Y63: 0 | Z63: 0 | AA63: 0 | AB63: 0 | AC63: 0 | AD63: 0 | AE63: 0 | AF63: 0 | AO63: 32 | AP63: 45N | AQ63: 10W | AS63: 2016I601 | AT63: 2016 | AU63: No | AV63: No | AW63: 27432.807 | AX63: TownofScottBar_Scott_Feds_Clip | AY63: 27432.807 | AZ63: 24033649
A64: 63 | B64: 17321 | C64: 17321 | D64: 007-170-050 | E64: 27.340043 | F64: 007-170-05 | G64: 20736.504 | H64: 007170050000 | I64: 20736.504 | J64: 4895 | K64: 007170050000 | L64: 007170050000 | N64: 007 | O64: 007 | Q64: 40030 | R64: U S A KNF | X64: 0 | Y64: 0 | Z64: 0 | AA64: 0 | AB64: 0 | AC64: 0 | AD64: 0 | AE64: 0 | AF64: 0 | AO64: 34 | AP64: 46N | AQ64: 10W | AS64: 2016I601 | AT64: 2016 | AU64: No | AV64: No | AW64: 20736.504 | AX64: TownofScottBar_Scott_Feds_Clip | AY64: 6656.4176 | AZ64: 1190987
A65: 64 | B65: 17367 | C65: 17367 | D65: 015-170-070 | E65: 582.93989 | F65: 015-170-07 | G65: 20838.817 | H65: 015170070000 | I65: 20838.817 | J65: 10821 | K65: 015170070000 | L65: 015170070000 | N65: 007 | O65: 015 | Q65: 40030 | R65: U S A KNF | X65: 0 | Y65: 0 | Z65: 0 | AA65: 0 | AB65: 0 | AC65: 0 | AD65: 0 | AE65: 0 | AF65: 0 | AO65: 36 | AP65: 45N | AQ65: 11W | AS65: 2016I601 | AT65: 2016 | AU65: No | AV65: No | AW65: 20838.817 | AX65: TownofScottBar_Scott_Feds_Clip | AY65: 20838.817 | AZ65: 25393695
A66: 65 | B66: 18368 | C66: 18368 | D66: 015-160-030 | E66: 220.5127 | F66: 015-160-03 | G66: 20668.934 | H66: 015160030000 | I66: 20668.934 | J66: 10812 | K66: 015160030000 | L66: 015160030000 | N66: 007 | O66: 015 | Q66: 40030 | R66: U S A KNF | X66: 0 | Y66: 0 | Z66: 0 | AA66: 0 | AB66: 0 | AC66: 0 | AD66: 0 | AE66: 0 | AF66: 0 | AO66: 13 | AP66: 45N | AQ66: 11W | AS66: 2016I601 | AT66: 2016 | AU66: No | AV66: No | AW66: 20668.934 | AX66: TownofScottBar_Scott_Feds_Clip | AY66: 14549.208 | AZ66: 9605961.6
A67: 66 | B67: 18370 | C67: 18370 | D67: 015-290-020 | E67: 608.655 | F67: 015-290-02 | G67: 20590.201 | H67: 015290020000 | I67: 20590.201 | J67: 10921 | K67: 015290020000 | L67: 015290020000 | N67: 007 | O67: 015 | Q67: 40030 | R67: U S A KNF | X67: 0 | Y67: 0 | Z67: 0 | AA67: 0 | AB67: 0 | AC67: 0 | AD67: 0 | AE67: 0 | AF67: 0 | AO67: 18 | AP67: 45N | AQ67: 10W | AS67: 2016I601 | AT67: 2016 | AU67: No | AV67: No | AW67: 20590.201 | AX67: TownofScottBar_Scott_Feds_Clip | AY67: 20590.201 | AZ67: 26514195
A68: 67 | B68: 20480 | C68: 20480 | D68: 015-220-430 | E68: 66.744864 | F68: 015-220-43 | G68: 21544.986 | H68: 015220430000 | I68: 21544.985 | J68: 10879 | K68: 015220430000 | L68: 015220430000 | N68: 007 | O68: 015 | Q68: 40030 | R68: U S A KNF | X68: 0 | Y68: 0 | Z68: 0 | AA68: 0 | AB68: 0 | AC68: 0 | AD68: 0 | AE68: 0 | AF68: 0 | AO68: 13 | AP68: 44N | AQ68: 11W | AS68: 2016I601 | AT68: 2016 | AU68: No | AV68: No | AW68: 21544.985 | AX68: TownofScottBar_Scott_Feds_Clip | AY68: 9428.8424 | AZ68: 2907487.3
... A82: 81 | B82: 32371 | C82: 32371 | D82: 015-320-050 | E82: 58.315187 | F82: 015-320-05 | G82: 20344.113 | H82: 015320050000 | I82: 20344.112 | J82: 10670 | K82: 015320050000 | L82: 015320050000 | N82: 007 | O82: 015 | Q82: 40030 | R82: U S A KNF | X82: 0 | Y82: 0 | Z82: 0 | AA82: 0 | AB82: 0 | AC82: 0 | AD82: 0 | AE82: 0 | AF82: 0 | AO82: 22 | AP82: 45N | AQ82: 10W | AS82: 2016I601 | AT82: 2016 | AU82: No | AV82: No | AW82: 20344.112 | AX82: TownofScottBar_Scott_Feds_Clip | AY82: 8219.8606 | AZ82: 2540248.9
A83: 82 | B83: 19017 | C83: 19017 | D83: 015-240-050 | E83: 31.546928 | F83: 015-240-05 | G83: 6204.8695 | H83: 015240050000 | I83: 6204.8687 | J83: 10612 | K83: 015240050000 | L83: 015240050000 | N83: 007 | O83: 015 | P83: 1962R0472605 | Q83: 22706 | R83: U S A | X83: 0 | Y83: 0 | Z83: 0 | AA83: 0 | AB83: 0 | AC83: 0 | AD83: 0 | AE83: 0 | AF83: 0 | AO83: 28 | AP83: 44N | AQ83: 11W | AS83: 2016I601 | AT83: 2016 | AU83: No | AV83: No | AW83: 6204.8687 | AX83: Tompkins_Scott_Feds_Clip | AY83: 6204.8687 | AZ83: 1374160.6
A84: 83 | B84: 2488 | C84: 2488 | D84: 015-230-070 | E84: 134.72723 | F84: 015-230-07 | G84: 16192.948 | H84: 015230070000 | I84: 16192.949 | J84: 10891 | K84: 015230070000 | L84: 015230070000 | N84: 007 | O84: 015 | Q84: 40030 | R84: U S A KNF | X84: 0 | Y84: 0 | Z84: 0 | AA84: 0 | AB84: 0 | AC84: 0 | AD84: 0 | AE84: 0 | AF84: 0 | AO84: 27 | AP84: 44N | AQ84: 11W | AS84: 2016I601 | AT84: 2016 | AU84: No | AV84: No | AW84: 16192.949 | AX84: Tompkins_Scott_Feds_Clip | AY84: 10490.839 | AZ84: 5868710.7
A85: 84 | B85: 4772 | C85: 4772 | D85: 015-150-070 | E85: 523.6156 | F85: 015-150-07 | G85: 19215.229 | H85: 015150070000 | I85: 19215.229 | J85: 10809 | K85: 015150070000 | L85: 015150070000 | N85: 007 | O85: 015 | Q85: 40030 | R85: U S A KNF | X85: 0 | Y85: 0 | Z85: 0 | AA85: 0 | AB85: 0 | AC85: 0 | AD85: 0 | AE85: 0 | AF85: 0 | AO85: 21 | AP85: 45N | AQ85: 11W | AS85: 2016I601 | AT85: 2016 | AU85: No | AV85: No | AW85: 19215.229 | AX85: Tompkins_Scott_Feds_Clip | AY85: 19215.229 | AZ85: 22809234
A86: 85 | B86: 4773 | C86: 4773 | D86: 015-160-040 | E86: 552.4618 | F86: 015-160-04 | G86: 19683.713 | H86: 015160040000 | I86: 19683.713 | J86: 10813 | K86: 015160040000 | L86: 015160040000 | N86: 007 | O86: 015 | Q86: 40030 | R86: U S A KNF | X86: 0 | Y86: 0 | Z86: 0 | AA86: 0 | AB86: 0 | AC86: 0 | AD86: 0 | AE86: 0 | AF86: 0 | AO86: 22 | AP86: 45N | AQ86: 11W | AS86: 2016I601 | AT86: 2016 | AU86: No | AV86: No | AW86: 19683.713 | AX86: Tompkins_Scott_Feds_Clip | AY86: 19683.713 | AZ86: 24066131
A87: 86 | B87: 5140 | C87: 5140 | D87: 015-200-030 | E87: 631.96181 | F87: 015-200-03 | G87: 21099.765 | H87: 015200030000 | I87: 21099.765 | J87: 10844 | K87: 015200030000 | L87: 015200030000 | N87: 007 | O87: 015 | Q87: 40030 | R87: U S A KNF | X87: 0 | Y87: 0 | Z87: 0 | AA87: 0 | AB87: 0 | AC87: 0 | AD87: 0 | AE87: 0 | AF87: 0 | AO87: 4 | AP87: 44N | AQ87: 11W | AS87: 2016I601 | AT87: 2016 | AU87: No | AV87: No | AW87: 21099.765 | AX87: Tompkins_Scott_Feds_Clip | AY87: 21099.765 | AZ87: 27528767
A88: 87 | B88: 5142 | C88: 5142 | D88: 015-190-080 | E88: 205.54589 | F88: 015-190-08 | G88: 15932.47 | H88: 015190080000 | I88: 15932.471 | J88: 10832 | K88: 015190080000 | L88: 015190080000 | N88: 007 | O88: 015 | Q88: 40030 | R88: U S A KNF | X88: 0 | Y88: 0 | Z88: 0 | AA88: 0 | AB88: 0 | AC88: 0 | AD88: 0 | AE88: 0 | AF88: 0 | AO88: 3 | AP88: 44N | AQ88: 11W | AS88: 2016I601 | AT88: 2016 | AU88: No | AV88: No | AW88: 15932.471 | AX88: Tompkins_Scott_Feds_Clip | AY88: 11915.902 | AZ88: 8953727.9
A89: 88 | B89: 6407 | C89: 6407 | D89: 015-150-010 | E89: 38.763162 | F89: 015-150-01 | G89: 5202.3369 | H89: 015150010000 | I89: 5202.3367 | J89: 10803 | K89: 015150010000 | L89: 015150010000 | N89: 007 | O89: 015 | P89: 1995R0008353 | Q89: 34886 | R89: U S A KNF | T89: - | X89: 0 | Y89: 0 | Z89: 0 | AA89: 0 | AB89: 0 | AC89: 0 | AD89: 0 | AE89: 0 | AF89: 0 | AO89: 16 | AP89: 45N | AQ89: 11W | AS89: 2016I601 | AT89: 2016 | AU89: No | AV89: No | AW89: 5202.3367 | AX89: Tompkins_Scott_Feds_Clip | AY89: 5202.3367 | AZ89: 1688591.7
A90: 89 | B90: 7228 | C90: 7228 | D90: 015-160-050 | E90: 235.05052 | F90: 015-160-05 | G90: 19841.953 | H90: 015160050000 | I90: 19841.953 | J90: 10814 | K90: 015160050000 | L90: 015160050000 | N90: 007 | O90: 015 | Q90: 40030 | R90: U S A KNF | X90: 0 | Y90: 0 | Z90: 0 | AA90: 0 | AB90: 0 | AC90: 0 | AD90: 0 | AE90: 0 | AF90: 0 | AO90: 23 | AP90: 45N | AQ90: 11W | AS90: 2016I601 | AT90: 2016 | AU90: No | AV90: No | AW90: 19841.953 | AX90: Tompkins_Scott_Feds_Clip | AY90: 13244.702 | AZ90: 10239219
A91: 90 | B91: 9772 | C91: 9772 | D91: 015-180-010 | E91: 483.1019 | F91: 015-180-01 | G91: 19150.288 | H91: 015180010000 | I91: 19150.288 | J91: 10824 | K91: 015180010000 | L91: 015180010000 | N91: 007 | O91: 015 | Q91: 40030 | R91: U S A KNF | X91: 0 | Y91: 0 | Z91: 0 | AA91: 0 | AB91: 0 | AC91: 0 | AD91: 0 | AE91: 0 | AF91: 0 | AO91: 30 | AP91: 45N | AQ91: 11W | AS91: 2016I601 | AT91: 2016 | AU91: No | AV91: No | AW91: 19150.288 | AX91: Tompkins_Scott_Feds_Clip | AY91: 19216.083 | AZ91: 21044475
A92: 91 | B92: 9773 | C92: 9773 | D92: 015-180-020 | E92: 663.32709 | F92: 015-180-02 | G92: 21503.876 | H92: 015180020000 | I92: 21503.876 | J92: 10825 | K92: 015180020000 | L92: 015180020000 | N92: 007 | O92: 015 | Q92: 40030 | R92: U S A KNF | X92: 0 | Y92: 0 | Z92: 0 | AA92: 0 | AB92: 0 | AC92: 0 | AD92: 0 | AE92: 0 | AF92: 0 | AO92: 29 | AP92: 45N | AQ92: 11W | AS92: 2016I601 | AT92: 2016 | AU92: No | AV92: No | AW92: 21503.876 | AX92: Tompkins_Scott_Feds_Clip | AY92: 21503.876 | AZ92: 28895367
A93: 92 | B93: 10528 | C93: 10528 | D93: 015-180-030 | E93: 640.44199 | F93: 015-180-03 | G93: 21128.659 | H93: 015180030000 | I93: 21128.659 | J93: 10826 | K93: 015180030000 | L93: 015180030000 | N93: 007 | O93: 015 | Q93: 40030 | R93: U S A KNF | X93: 0 | Y93: 0 | Z93: 0 | AA93: 0 | AB93: 0 | AC93: 0 | AD93: 0 | AE93: 0 | AF93: 0 | AO93: 28 | AP93: 45N | AQ93: 11W | AS93: 2016I601 | AT93: 2016 | AU93: No | AV93: No | AW93: 21128.659 | AX93: Tompkins_Scott_Feds_Clip | AY93: 21128.659 | AZ93: 27898468
A94: 93 | B94: 10534 | C94: 10534 | D94: 015-170-020 | E94: 589.73522 | F94: 015-170-02 | G94: 21015.681 | H94: 015170020000 | I94: 21015.681 | J94: 10816 | K94: 015170020000 | L94: 015170020000 | N94: 007 | O94: 015 | Q94: 40030 | R94: U S A KNF | X94: 0 | Y94: 0 | Z94: 0 | AA94: 0 | AB94: 0 | AC94: 0 | AD94: 0 | AE94: 0 | AF94: 0 | AO94: 27 | AP94: 45N | AQ94: 11W | AS94: 2016I601 | AT94: 2016 | AU94: No | AV94: No | AW94: 21015.681 | AX94: Tompkins_Scott_Feds_Clip | AY94: 20512.782 | AZ94: 25689925
A95: 94 | B95: 10539 | C95: 10539 | D95: 015-170-030 | E95: 45.616653 | F95: 015-170-03 | G95: 21542.688 | H95: 015170030000 | I95: 21542.689 | J95: 10817 | K95: 015170030000 | L95: 015170030000 | N95: 007 | O95: 015 | Q95: 40030 | R95: U S A KNF | X95: 0 | Y95: 0 | Z95: 0 | AA95: 0 | AB95: 0 | AC95: 0 | AD95: 0 | AE95: 0 | AF95: 0 | AO95: 26 | AP95: 45N | AQ95: 11W | AS95: 2016I601 | AT95: 2016 | AU95: No | AV95: No | AW95: 21542.689 | AX95: Tompkins_Scott_Feds_Clip | AY95: 8963.6186 | AZ95: 1987133
A96: 95 | B96: 12190 | C96: 12190 | D96: 015-050-040 | E96: 150.91425 | F96: 015-050-04 | G96: 21163.164 | H96: 015050040000 | I96: 21163.164 | J96: 10740 | K96: 015050040000 | L96: 015050040000 | N96: 007 | O96: 015 | Q96: 40030 | R96: U S A KNF | X96: 0 | Y96: 0 | Z96: 0 | AA96: 0 | AB96: 0 | AC96: 0 | AD96: 0 | AE96: 0 | AF96: 0 | AO96: 25 | AP96: 45N | AQ96: 12W | AS96: 2016I601 | AT96: 2016 | AU96: No | AV96: No | AW96: 21163.164 | AX96: Tompkins_Scott_Feds_Clip | AY96: 11537.657 | AZ96: 6573941.5
A97: 96 | B97: 13587 | C97: 13587 | D97: 015-160-010 | E97: 139.00868 | F97: 015-160-01 | G97: 21275.743 | H97: 015160010000 | I97: 21275.744 | J97: 10810 | K97: 015160010000 | L97: 015160010000 | N97: 007 | O97: 015 | Q97: 40030 | R97: U S A KNF | X97: 0 | Y97: 0 | Z97: 0 | AA97: 0 | AB97: 0 | AC97: 0 | AD97: 0 | AE97: 0 | AF97: 0 | AO97: 15 | AP97: 45N | AQ97: 11W | AS97: 2016I601 | AT97: 2016 | AU97: No | AV97: No | AW97: 21275.744 | AX97: Tompkins_Scott_Feds_Clip | AY97: 12829.315 | AZ97: 6054946.1
A98: 97 | B98: 13615 | C98: 13615 | D98: 015-150-040 | E98: 200.32975 | F98: 015-150-04 | G98: 20772.608 | H98: 015150040000 | I98: 20772.608 | J98: 10806 | K98: 015150040000 | L98: 015150040000 | N98: 007 | O98: 015 | Q98: 40030 | R98: U S A KNF | X98: 0 | Y98: 0 | Z98: 0 | AA98: 0 | AB98: 0 | AC98: 0 | AD98: 0 | AE98: 0 | AF98: 0 | AO98: 16 | AP98: 45N | AQ98: 11W | AS98: 2016I601 | AT98: 2016 | AU98: No | AV98: No | AW98: 20772.608 | AX98: Tompkins_Scott_Feds_Clip | AY98: 14055.886 | AZ98: 8726531.1
A99: 98 | B99: 13625 | C99: 13625 | D99: 015-440-190 | E99: 85.982646 | F99: 015-440-19 | G99: 8120.0837 | H99: 015440190000 | I99: 8120.0837 | J99: 11107 | K99: 015440190000 | L99: 015440190000 | N99: 007 | O99: 015 | Q99: 40030 | R99: U S A KNF | X99: 0 | Y99: 0 | Z99: 0 | AA99: 0 | AB99: 0 | AC99: 0 | AD99: 0 | AE99: 0 | AF99: 0 | AO99: 10 | AP99: 44N | AQ99: 11W | AS99: 2016I601 | AT99: 2016 | AU99: No | AV99: No | AW99: 8120.0837 | AX99: Tompkins_Scott_Feds_Clip | AY99: 8120.0837 | AZ99: 3745434.7
A100: 99 | B100: 13915 | C100: 13915 | D100: 015-430-040 | E100: 169.20732 | F100: 015-430-04 | G100: 18544.681 | H100: 015430040000 | I100: 18544.681 | J100: 11097 | K100: 015430040000 | L100: 015430040000 | N100: 007 | O100: 015 | Q100: 40030 | R100: U S A KNF | X100: 0 | Y100: 0 | Z100: 0 | AA100: 0 | AB100: 0 | AC100: 0 | AD100: 0 | AE100: 0 | AF100: 0 | AO100: 3 | AP100: 44N | AQ100: 11W | AS100: 2016I601 | AT100: 2016 | AU100: No | AV100: No | AW100: 18544.681 | AX100: Tompkins_Scott_Feds_Clip | AY100: 14504.037 | AZ100: 7370818.6
A101: 100 | B101: 14207 | C101: 14207 | D101: 015-050-070 | E101: 231.22892 | F101: 015-050-07 | G101: 20998.509 | H101: 015050070000 | I101: 20998.509 | J101: 10743 | K101: 015050070000 | L101: 015050070000 | N101: 007 | O101: 015 | Q101: 40030 | R101: U S A KNF | X101: 0 | Y101: 0 | Z101: 0 | AA101: 0 | AB101: 0 | AC101: 0 | AD101: 0 | AE101: 0 | AF101: 0 | AO101: 36 | AP101: 45N | AQ101: 12W | AS101: 2016I601 | AT101: 2016 | AU101: No | AV101: No | AW101: 20998.509 | AX101: Tompkins_Scott_Feds_Clip | AY101: 19048.131 | AZ101: 10072405
... A134: 133 | B134: 33536 | C134: 33536 | D134: 015-070-060 | E134: 628.57368 | F134: 015-070-06 | G134: 20931.511 | H134: 015070060000 | I134: 20931.511 | J134: 10755 | K134: 015070060000 | L134: 015070060000 | N134: 007 | O134: 015 | Q134: 40030 | R134: U S A KNF | X134: 0 | Y134: 0 | Z134: 0 | AA134: 0 | AB134: 0 | AC134: 0 | AD134: 0 | AE134: 0 | AF134: 0 | AO134: 12 | AP134: 44N | AQ134: 12W | AS134: 2016I601 | AT134: 2016 | AU134: No | AV134: No | AW134: 20931.511 | AX134: Tompkins_Scott_Feds_Clip | AY134: 20931.511 | AZ134: 27380835
A135: 134 | B135: 39709 | C135: 39709 | D135: 031-010-050 | E135: 82.307136 | F135: 031-010-05 | G135: 12152.666 | H135: 031010050000 | I135: 12152.666 | J135: 23024 | K135: 031010050000 | L135: 031010050000 | N135: 007 | O135: 031 | P135: 1966R0536814 | Q135: 24441 | R135: U S A | X135: 0 | Y135: 0 | Z135: 0 | AA135: 0 | AB135: 0 | AC135: 0 | AD135: 0 | AE135: 0 | AF135: 0 | AO135: 10 | AP135: 40N | AQ135: 9W | AS135: 2016I601 | AT135: 2016 | AU135: No | AV135: No | AW135: 12152.666 | AX135: Sugar_Scott_Feds_Clip | AY135: 12152.666 | AZ135: 3584799
A136: 135 | B136: 37002 | C136: 37002 | D136: 031-220-240 | E136: 72.564377 | F136: 031-220-24 | G136: 11761.62 | H136: 031220240000 | I136: 11761.62 | J136: 23137 | K136: 031220240000 | L136: 031220240000 | N136: 007 | O136: 031 | Q136: 40030 | R136: U S A BLM | X136: 0 | Y136: 0 | Z136: 0 | AA136: 0 | AB136: 0 | AC136: 0 | AD136: 0 | AE136: 0 | AF136: 0 | AO136: 8 | AP136: 40N | AQ136: 8W | AS136: 2016I601 | AT136: 2016 | AU136: No | AV136: No | AW136: 11761.62 | AX136: Sugar_Scott_Feds_Clip | AY136: 11761.62 | AZ136: 3160481.2
A137: 136 | B137: 37316 | C137: 37316 | D137: 031-020-280 | E137: 80.735834 | F137: 031-020-28 | G137: 8004.0919 | H137: 031020280000 | I137: 8004.0915 | J137: 23041 | K137: 031020280000 | L137: 031020280000 | N137: 007 | O137: 031 | Q137: 40030 | R137: U S A BLM | X137: 0 | Y137: 0 | Z137: 0 | AA137: 0 | AB137: 0 | AC137: 0 | AD137: 0 | AE137: 0 | AF137: 0 | AO137: 12 | AP137: 40N | AQ137: 9W | AS137: 2016I601 | AT137: 2016 | AU137: No | AV137: No | AW137: 8004.0915 | AX137: Sugar_Scott_Feds_Clip | AY137: 7838.0556 | AZ137: 3516385.4
A138: 137 | B138: 4282 | C138: 4282 | D138: 023-180-220 | E138: 154.52189 | F138: 023-180-22 | G138: 10381.612 | H138: 023180220000 | I138: 10381.612 | J138: 17763 | K138: 023180220000 | L138: 023180220000 | N138: 007 | O138: 023 | Q138: 40030 | R138: U S A KNF | X138: 0 | Y138: 0 | Z138: 0 | AA138: 0 | AB138: 0 | AC138: 0 | AD138: 0 | AE138: 0 | AF138: 0 | AO138: 26 | AP138: 41N | AQ138: 9W | AS138: 2016I601 | AT138: 2016 | AU138: No | AV138: No | AW138: 10381.612 | AX138: Sugar_Scott_Feds_Clip | AY138: 10353.007 | AZ138: 6730112.4
A139: 138 | B139: 7359 | C139: 7359 | D139: 031-010-110 | E139: 324.76739 | F139: 031-010-11 | G139: 15986.066 | H139: 031010110000 | I139: 15986.066 | J139: 23029 | K139: 031010110000 | L139: 031010110000 | N139: 007 | O139: 031 | Q139: 40030 | R139: U S A KNF | X139: 0 | Y139: 0 | Z139: 0 | AA139: 0 | AB139: 0 | AC139: 0 | AD139: 0 | AE139: 0 | AF139: 0 | AO139: 2 | AP139: 40N | AQ139: 9W | AS139: 2016I601 | AT139: 2016 | AU139: No | AV139: No | AW139: 15986.066 | AX139: Sugar_Scott_Feds_Clip | AY139: 15986.066 | AZ139: 14144963
A140: 139 | B140: 11626 | C140: 11626 | D140: 031-220-210 | E140: 150.08235 | F140: 031-220-21 | G140: 10228.341 | H140: 031220210000 | I140: 10228.342 | J140: 23135 | K140: 031220210000 | L140: 031220210000 | N140: 007 | O140: 031 | Q140: 40030 | R140: U S A KNF | X140: 0 | Y140: 0 | Z140: 0 | AA140: 0 | AB140: 0 | AC140: 0 | AD140: 0 | AE140: 0 | AF140: 0 | AO140: 4 | AP140: 40N | AQ140: 8W | AS140: 2016I601 | AT140: 2016 | AU140: No | AV140: No | AW140: 10228.342 | AX140: Sugar_Scott_Feds_Clip | AY140: 10228.342 | AZ140: 6536759.9
A141: 140 | B141: 11629 | C141: 11629 | D141: 031-220-450 | E141: 170.1684 | F141: 031-220-45 | G141: 15795.3 | H141: 031220450000 | I141: 15795.3 | J141: 23231 | K141: 031220450000 | L141: 031220450000 | N141: 007 | O141: 031 | Q141: 40030 | R141: U S A KNF | X141: 0 | Y141: 0 | Z141: 0 | AA141: 0 | AB141: 0 | AC141: 0 | AD141: 0 | AE141: 0 | AF141: 0 | AO141: 4 | AP141: 40N | AQ141: 8W | AS141: 2016I601 | AT141: 2016 | AU141: No | AV141: No | AW141: 15795.3 | AX141: Sugar_Scott_Feds_Clip | AY141: 14247.99 | AZ141: 7411577.3
A142: 141 | B142: 16522 | C142: 16522 | D142: 031-140-020 | E142: 304.29788 | F142: 031-140-02 | G142: 30828.612 | H142: 031140020000 | I142: 30828.612 | J142: 23100 | K142: 031140020000 | L142: 031140020000 | N142: 007 | O142: 031 | Q142: 40030 | R142: U S A KNF | X142: 0 | Y142: 0 | Z142: 0 | AA142: 0 | AB142: 0 | AC142: 0 | AD142: 0 | AE142: 0 | AF142: 0 | AO142: 31 | AP142: 40N | AQ142: 9W | AS142: 2016I601 | AT142: 2016 | AU142: No | AV142: No | AW142: 30828.612 | AX142: Sugar_Scott_Feds_Clip | AY142: 17694.415 | AZ142: 13254604
A143: 142 | B143: 21152 | C143: 21152 | D143: 031-130-050 | E143: 17.839509 | F143: 031-130-05 | G143: 21452.447 | H143: 031130050000 | I143: 21452.446 | J143: 23096 | K143: 031130050000 | L143: 031130050000 | N143: 007 | O143: 031 | Q143: 40030 | R143: U S A KNF | X143: 0 | Y143: 0 | Z143: 0 | AA143: 0 | AB143: 0 | AC143: 0 | AD143: 0 | AE143: 0 | AF143: 0 | AO143: 32 | AP143: 40N | AQ143: 9W | AS143: 2016I601 | AT143: 2016 | AU143: No | AV143: No | AW143: 21452.446 | AX143: Sugar_Scott_Feds_Clip | AY143: 6320.4955 | AZ143: 776986.33
A144: 143 | B144: 21373 | C144: 21373 | D144: 031-090-040 | E144: 60.473156 | F144: 031-090-04 | G144: 20633.402 | H144: 031090040000 | I144: 20633.402 | J144: 23078 | K144: 031090040000 | L144: 031090040000 | N144: 007 | O144: 031 | Q144: 40030 | R144: U S A KNF | X144: 0 | Y144: 0 | Z144: 0 | AA144: 0 | AB144: 0 | AC144: 0 | AD144: 0 | AE144: 0 | AF144: 0 | AO144: 26 | AP144: 40N | AQ144: 9W | AS144: 2016I601 | AT144: 2016 | AU144: No | AV144: No | AW144: 20633.402 | AX144: Sugar_Scott_Feds_Clip | AY144: 12077.664 | AZ144: 2633868.3
A145: 144 | B145: 21374 | C145: 21374 | D145: 031-090-050 | E145: 3.7139893 | F145: 031-090-05 | G145: 5164.8545 | H145: 031090050000 | I145: 5164.8546 | J145: 23079 | K145: 031090050000 | L145: 031090050000 | N145: 007 | O145: 031 | Q145: 40030 | R145: U S A KNF | X145: 0 | Y145: 0 | Z145: 0 | AA145: 0 | AB145: 0 | AC145: 0 | AD145: 0 | AE145: 0 | AF145: 0 | AO145: 25 | AP145: 40N | AQ145: 9W | AS145: 2016I601 | AT145: 2016 | AU145: No | AV145: No | AW145: 5164.8546 | AX145: Sugar_Scott_Feds_Clip | AY145: 2063.1112 | AZ145: 161760.23
A146: 145 | B146: 26194 | C146: 26194 | D146: 032-290-030 | E146: 128.69033 | F146: 032-290-03 | G146: 21059.415 | H146: 032290030000 | I146: 21059.415 | J146: 23775 | K146: 032290030000 | L146: 032290030000 | N146: 007 | O146: 032 | Q146: 40030 | R146: U S A KNF | X146: 0 | Y146: 0 | Z146: 0 | AA146: 0 | AB146: 0 | AC146: 0 | AD146: 0 | AE146: 0 | AF146: 0 | AO146: 25 | AP146: 40N | AQ146: 10W | AS146: 2016I601 | AT146: 2016 | AU146: No | AV146: No | AW146: 21059.415 | AX146: Sugar_Scott_Feds_Clip | AY146: 10261.102 | AZ146: 5604922.6
A147: 146 | B147: 26467 | C147: 26467 | D147: 031-050-010 | E147: 59.376744 | F147: 031-050-01 | G147: 30538.404 | H147: 031050010000 | I147: 30538.404 | J147: 23065 | K147: 031050010000 | L147: 031050010000 | N147: 007 | O147: 031 | Q147: 40030 | R147: U S A KNF | X147: 0 | Y147: 0 | Z147: 0 | AA147: 0 | AB147: 0 | AC147: 0 | AD147: 0 | AE147: 0 | AF147: 0 | AO147: 18 | AP147: 40N | AQ147: 9W | AS147: 2016I601 | AT147: 2016 | AU147: No | AV147: No | AW147: 30538.404 | AX147: Sugar_Scott_Feds_Clip | AY147: 7703.8348 | AZ147: 2586032.1
... A161: 160 | B161: 41708 | C161: 41708 | D161: 031-060-040 | E161: 102.20718 | F161: 031-060-04 | G161: 13247.206 | H161: 031060040000 | I161: 13247.206 | J161: 22800 | K161: 031060040000 | L161: 031060040000 | N161: 007 | O161: 031 | Q161: 40030 | R161: U S A KNF | X161: 0 | Y161: 0 | Z161: 0 | AA161: 0 | AB161: 0 | AC161: 0 | AD161: 0 | AE161: 0 | AF161: 0 | AO161: 16 | AP161: 40N | AQ161: 9W | AS161: 2016I601 | AT161: 2016 | AU161: No | AV161: No | AW161: 13247.206 | AX161: Sugar_Scott_Feds_Clip | AY161: 9844.2415 | AZ161: 4451533.2
A162: 161 | B162: 41204 | C162: 41204 | D162: 031-300-020 | E162: 666.47085 | F162: 031-300-02 | G162: 21572.895 | H162: 031300020000 | I162: 21572.896 | J162: 23351 | K162: 031300020000 | L162: 031300020000 | N162: 007 | O162: 031 | P162: 1973R0683497 | Q162: 26725 | R162: U S A | X162: 0 | Y162: 0 | Z162: 0 | AA162: 0 | AB162: 0 | AC162: 0 | AD162: 0 | AE162: 0 | AF162: 0 | AO162: 21 | AP162: 39N | AQ162: 8W | AS162: 2016I601 | AT162: 2016 | AU162: No | AV162: No | AW162: 21572.896 | AX162: SouthFork_Scott_Feds_Clip | AY162: 21572.896 | AZ162: 29026713
A163: 162 | B163: 42162 | C163: 42162 | D163: 031-310-010 | E163: 17.042029 | F163: 031-310-01 | G163: 20618.424 | H163: 031310010000 | I163: 20618.424 | J163: 23356 | K163: 031310010000 | L163: 031310010000 | N163: 007 | O163: 031 | P163: 1972R0661327 | Q163: 26423 | R163: U S A | X163: 0 | Y163: 0 | Z163: 0 | AA163: 0 | AB163: 0 | AC163: 0 | AD163: 0 | AE163: 0 | AF163: 0 | AO163: 15 | AP163: 39N | AQ163: 8W | AS163: 2016I601 | AT163: 2016 | AU163: No | AV163: No | AW163: 20618.424 | AX163: SouthFork_Scott_Feds_Clip | AY163: 4359.358 | AZ163: 742229.98
A164: 163 | B164: 3886 | C164: 3886 | D164: 031-150-080 | E164: 690.354 | F164: 031-150-08 | G164: 21993.744 | H164: 031150080000 | I164: 21993.744 | J164: 23108 | K164: 031150080000 | L164: 031150080000 | N164: 007 | O164: 031 | Q164: 40030 | R164: U S A KNF | X164: 0 | Y164: 0 | Z164: 0 | AA164: 0 | AB164: 0 | AC164: 0 | AD164: 0 | AE164: 0 | AF164: 0 | AO164: 12 | AP164: 39N | AQ164: 9W | AS164: 2016I601 | AT164: 2016 | AU164: No | AV164: No | AW164: 21993.744 | AX164: SouthFork_Scott_Feds_Clip | AY164: 21993.744 | AZ164: 30066709
A165: 164 | B165: 3893 | C165: 3893 | D165: 031-290-060 | E165: 657.59864 | F165: 031-290-06 | G165: 21399.088 | H165: 031290060000 | I165: 21399.088 | J165: 23348 | K165: 031290060000 | L165: 031290060000 | N165: 007 | O165: 031 | Q165: 40030 | R165: U S A KNF | X165: 0 | Y165: 0 | Z165: 0 | AA165: 0 | AB165: 0 | AC165: 0 | AD165: 0 | AE165: 0 | AF165: 0 | AO165: 8 | AP165: 39N | AQ165: 8W | AS165: 2016I601 | AT165: 2016 | AU165: No | AV165: No | AW165: 21399.088 | AX165: SouthFork_Scott_Feds_Clip | AY165: 21399.088 | AZ165: 28640516
A166: 165 | B166: 7609 | C166: 7609 | D166: 031-160-030 | E166: 31.057324 | F166: 031-160-03 | G166: 11375.958 | H166: 031160030000 | I166: 11375.958 | J166: 23111 | K166: 031160030000 | L166: 031160030000 | N166: 007 | O166: 031 | Q166: 40030 | R166: U S A KNF | X166: 0 | Y166: 0 | Z166: 0 | AA166: 0 | AB166: 0 | AC166: 0 | AD166: 0 | AE166: 0 | AF166: 0 | AO166: 5 | AP166: 39N | AQ166: 9W | AS166: 2016I601 | AT166: 2016 | AU166: No | AV166: No | AW166: 11375.958 | AX166: SouthFork_Scott_Feds_Clip | AY166: 11375.958 | AZ166: 1352429.3
A167: 166 | B167: 16522 | C167: 16522 | D167: 031-140-020 | E167: 797.79987 | F167: 031-140-02 | G167: 30828.612 | H167: 031140020000 | I167: 30828.612 | J167: 23100 | K167: 031140020000 | L167: 031140020000 | N167: 007 | O167: 031 | Q167: 40030 | R167: U S A KNF | X167: 0 | Y167: 0 | Z167: 0 | AA167: 0 | AB167: 0 | AC167: 0 | AD167: 0 | AE167: 0 | AF167: 0 | AO167: 31 | AP167: 40N | AQ167: 9W | AS167: 2016I601 | AT167: 2016 | AU167: No | AV167: No | AW167: 30828.612 | AX167: SouthFork_Scott_Feds_Clip | AY167: 28661.949 | AZ167: 34746080
A168: 167 | B168: 21152 | C168: 21152 | D168: 031-130-050 | E168: 639.93097 | F168: 031-130-05 | G168: 21452.447 | H168: 031130050000 | I168: 21452.446 | J168: 23096 | K168: 031130050000 | L168: 031130050000 | N168: 007 | O168: 031 | Q168: 40030 | R168: U S A KNF | X168: 0 | Y168: 0 | Z168: 0 | AA168: 0 | AB168: 0 | AC168: 0 | AD168: 0 | AE168: 0 | AF168: 0 | AO168: 32 | AP168: 40N | AQ168: 9W | AS168: 2016I601 | AT168: 2016 | AU168: No | AV168: No | AW168: 21452.446 | AX168: SouthFork_Scott_Feds_Clip | AY168: 20933.462 | AZ168: 27870861
A169: 168 | B169: 21373 | C169: 21373 | D169: 031-090-040 | E169: 193.23713 | F169: 031-090-04 | G169: 20633.402 | H169: 031090040000 | I169: 20633.402 | J169: 23078 | K169: 031090040000 | L169: 031090040000 | N169: 007 | O169: 031 | Q169: 40030 | R169: U S A KNF | X169: 0 | Y169: 0 | Z169: 0 | AA169: 0 | AB169: 0 | AC169: 0 | AD169: 0 | AE169: 0 | AF169: 0 | AO169: 26 | AP169: 40N | AQ169: 9W | AS169: 2016I601 | AT169: 2016 | AU169: No | AV169: No | AW169: 20633.402 | AX169: SouthFork_Scott_Feds_Clip | AY169: 19531.021 | AZ169: 8416148.1
A170: 169 | B170: 21374 | C170: 21374 | D170: 031-090-050 | E170: 34.527948 | F170: 031-090-05 | G170: 5164.8545 | H170: 031090050000 | I170: 5164.8546 | J170: 23079 | K170: 031090050000 | L170: 031090050000 | N170: 007 | O170: 031 | Q170: 40030 | R170: U S A KNF | X170: 0 | Y170: 0 | Z170: 0 | AA170: 0 | AB170: 0 | AC170: 0 | AD170: 0 | AE170: 0 | AF170: 0 | AO170: 25 | AP170: 40N | AQ170: 9W | AS170: 2016I601 | AT170: 2016 | AU170: No | AV170: No | AW170: 5164.8546 | AX170: SouthFork_Scott_Feds_Clip | AY170: 5104.8436 | AZ170: 1503808.3
A171: 170 | B171: 21377 | C171: 21377 | D171: 031-090-070 | E171: 170.41611 | F171: 031-090-07 | G171: 13636.074 | H171: 031090070000 | I171: 13636.074 | J171: 23081 | K171: 031090070000 | L171: 031090070000 | N171: 007 | O171: 031 | Q171: 40030 | R171: U S A KNF | X171: 0 | Y171: 0 | Z171: 0 | AA171: 0 | AB171: 0 | AC171: 0 | AD171: 0 | AE171: 0 | AF171: 0 | AO171: 25 | AP171: 40N | AQ171: 9W | AR171: R.S.B.20-6 | AS171: 2016I601 | AT171: 2016 | AU171: No | AV171: No | AW171: 13636.074 | AX171: SouthFork_Scott_Feds_Clip | AY171: 13636.074 | AZ171: 7422238.7
A172: 171 | B172: 21378 | C172: 21378 | D172: 031-550-130 | E172: 75.236948 | F172: 031-550-13 | G172: 7642.1901 | H172: 031550130000 | I172: 7642.1902 | J172: 23484 | K172: 031550130000 | L172: 031550130000 | N172: 007 | O172: 031 | Q172: 40030 | R172: U S A KNF | X172: 0 | Y172: 0 | Z172: 0 | AA172: 0 | AB172: 0 | AC172: 0 | AD172: 0 | AE172: 0 | AF172: 0 | AO172: 29 | AP172: 40N | AQ172: 8W | AR172: N1/2 OF NW1/4. R.S.B.20-6 | AS172: 2016I601 | AT172: 2016 | AU172: No | AV172: No | AW172: 7642.1902 | AX172: SouthFork_Scott_Feds_Clip | AY172: 7642.1902 | AZ172: 3276838.1
...

Sheet Pivot Table Feds
A1: HUC12 | B1: SUM of GIS_ACRES
A2: Boulder-Scott_Feds__Clip | B2: 7000.8922
A3: Canyon_Feds_Clip | B3: 15596.344
A4: Clark_Scott_Feds_Clip | B4: 166.26342
A5: Etna_Feds_Clip | B5: 7785.3462
A6: French_Feds_Clip | B6: 6040.2565
A7: Indian_Feds_Clip | B7: 8065.3467
A8: Kelsey_Feds_Clip | B8: 11293.657
A9: Kidder_Feds_Clip | B9: 8020.2839
A10: LowerEast_Feds_Clip | B10: 10254.197
A11: LowerMoffett_Feds_Clip | B11: 2200.0559
A12: McAdams_Feds_Clip | B12: 8722.8715
A13: Mill_Feds_Clip | B13: 6750.5491
... A25: Grand Total | B25: 181908.36

Sheet EFM_Sugar_NoValleyClip_Merge
A1: OBJECTID_12 | B1: OBJECTID_1 | C1: OBJECTID | D1: APN | E1: GIS_ACRES | F1: Apn_join | G1: Shape_Leng | H1: ASMT | I1: Shape_Le_1 | J1: OBJECTID_2 | K1: Asmt_1 | L1: FeeParcel | M1: Zoning1 | N1: LandUse1 | O1: Neighborho | P1: CurrentDoc | Q1: CurrentD_1 | R1: AssesseeNa | S1: DBA | T1: Address1 | U1: Address2 | V1: Address3 | W1: Address4 | X1: LastOfLand | Y1: LastOfStru | Z1: LastOfFixt | AA1: LastOfFi_1 | AB1: LastOfPPBu | AC1: LastOfPPMH | AD1: LastOfHOXE | AE1: LastOfOthe | AF1: NetAssesse | AG1: LastOfOt_1 | AH1: Street | AI1: StreetNum | AJ1: StreetType | AK1: StreetDire | AL1: SpaceApt | AM1: Community | AN1: Zip | AO1: Sec | AP1: Township | AQ1: Range | AR1: Descr | AS1: LastOfDocN | AT1: RollYear | AU1: TimberPres | AV1: AgPreserve | AW1: Shape_Le_2 | AX1: MERGE_SRC | AY1: Shape_Length | AZ1: Shape_Area
A2: 1 | B2: 1438 | C2: 1438 | D2: 031-120-010 | E2: 4570.6924 | F2: 031-120-01 | G2: 21478.145 | H2: 031120010000 | I2: 21478.145 | J2: 23091 | K2: 031120010000 | L2: 031120010000 | N2: 888 | O2: 031 | P2: 2006R0009470 | Q2: 38910 | R2: TIMBERVEST PARTNERS CALIFORNIA LLC | T2: 3715 NORTHSIDE PARKWAY BLD 200 SUITE 500 | U2: ATLANTA GA 30327 | X2: 28160 | Y2: 0 | Z2: 0 | AA2: 0 | AB2: 0 | AC2: 0 | AD2: 0 | AE2: 0 | AF2: 28160 | AO2: 33 | AP2: 40N | AQ2: 9W | AS2: 2016I601 | AT2: 2016 | AU2: Yes | AV2: No | AW2: 21478.145 | AX2: Sugar | AY2: 183720.32 | AZ2: 1.9907121e+08
A3: 2 | B3: 1438 | C3: 1438 | D3: 031-120-010 | E3: 641.09598 | F3: 031-120-01 | G3: 21478.145 | H3: 031120010000 | I3: 21478.145 | J3: 23091 | K3: 031120010000 | L3: 031120010000 | N3: 888 | O3: 031 | P3: 2006R0009470 | Q3: 38910 | R3: TIMBERVEST PARTNERS CALIFORNIA LLC | T3: 3715 NORTHSIDE PARKWAY BLD 200 SUITE 500 | U3: ATLANTA GA 30327 | X3: 28160 | Y3: 0 | Z3: 0 | AA3: 0 | AB3: 0 | AC3: 0 | AD3: 0 | AE3: 0 | AF3: 28160 | AO3: 33 | AP3: 40N | AQ3: 9W | AS3: 2016I601 | AT3: 2016 | AU3: Yes | AV3: No | AW3: 21478.145 | AX3: SouthFork | AY3: 34740.535 | AZ3: 27921286
A4: 3 | B4: 20051 | C4: 20051 | D4: 023-150-030 | E4: 3375.1005 | F4: 023-150-03 | G4: 7880.913 | H4: 023150030000 | I4: 7880.913 | J4: 17716 | K4: 023150030000 | L4: 023150030000 | N4: 888 | O4: 023 | P4: 2006R0009470 | Q4: 38910 | R4: TIMBERVEST PARTNERS CALIFORNIA LLC | T4: 3715 NORTHSIDE PARKWAY BLD 200 SUITE 500 | U4: ATLANTA GA 30327 | X4: 2879 | Y4: 0 | Z4: 0 | AA4: 0 | AB4: 0 | AC4: 0 | AD4: 0 | AE4: 0 | AF4: 2879 | AO4: 6 | AP4: 41N | AQ4: 9W | AS4: 2016I601 | AT4: 2016 | AU4: Yes | AV4: No | AW4: 7880.913 | AX4: Snicktaw | AY4: 58431.412 | AZ4: 1.4701527e+08
A5: 4 | B5: 20051 | C5: 20051 | D5: 023-150-030 | E5: 9465.5082 | F5: 023-150-03 | G5: 7880.913 | H5: 023150030000 | I5: 7880.913 | J5: 17716 | K5: 023150030000 | L5: 023150030000 | N5: 888 | O5: 023 | P5: 2006R0009470 | Q5: 38910 | R5: TIMBERVEST PARTNERS CALIFORNIA LLC | T5: 3715 NORTHSIDE PARKWAY BLD 200 SUITE 500 | U5: ATLANTA GA 30327 | X5: 2879 | Y5: 0 | Z5: 0 | AA5: 0 | AB5: 0 | AC5: 0 | AD5: 0 | AE5: 0 | AF5: 2879 | AO5: 6 | AP5: 41N | AQ5: 9W | AS5: 2016I601 | AT5: 2016 | AU5: Yes | AV5: No | AW5: 7880.913 | AX5: Shackleford | AY5: 117681.11 | AZ5: 4.1229649e+08
A6: 5 | B6: 20051 | C6: 20051 | D6: 023-150-030 | E6: 8481.4907 | F6: 023-150-03 | G6: 7880.913 | H6: 023150030000 | I6: 7880.913 | J6: 17716 | K6: 023150030000 | L6: 023150030000 | N6: 888 | O6: 023 | P6: 2006R0009470 | Q6: 38910 | R6: TIMBERVEST PARTNERS CALIFORNIA LLC | T6: 3715 NORTHSIDE PARKWAY BLD 200 SUITE 500 | U6: ATLANTA GA 30327 | X6: 2879 | Y6: 0 | Z6: 0 | AA6: 0 | AB6: 0 | AC6: 0 | AD6: 0 | AE6: 0 | AF6: 2879 | AO6: 6 | AP6: 41N | AQ6: 9W | AS6: 2016I601 | AT6: 2016 | AU6: Yes | AV6: No | AW6: 7880.913 | AX6: Patterson | AY6: 133582.51 | AZ6: 3.6942426e+08
A7: 6 | B7: 20051 | C7: 20051 | D7: 023-150-030 | E7: 7053.3477 | F7: 023-150-03 | G7: 7880.913 | H7: 023150030000 | I7: 7880.913 | J7: 17716 | K7: 023150030000 | L7: 023150030000 | N7: 888 | O7: 023 | P7: 2006R0009470 | Q7: 38910 | R7: TIMBERVEST PARTNERS CALIFORNIA LLC | T7: 3715 NORTHSIDE PARKWAY BLD 200 SUITE 500 | U7: ATLANTA GA 30327 | X7: 2879 | Y7: 0 | Z7: 0 | AA7: 0 | AB7: 0 | AC7: 0 | AD7: 0 | AE7: 0 | AF7: 2879 | AO7: 6 | AP7: 41N | AQ7: 9W | AS7: 2016I601 | AT7: 2016 | AU7: Yes | AV7: No | AW7: 7880.913 | AX7: Kidder | AY7: 112665.38 | AZ7: 3.0722065e+08
A8: 7 | B8: 1438 | C8: 1438 | D8: 031-120-010 | E8: 2882.8913 | F8: 031-120-01 | G8: 21478.145 | H8: 031120010000 | I8: 21478.145 | J8: 23091 | K8: 031120010000 | L8: 031120010000 | N8: 888 | O8: 031 | P8: 2006R0009470 | Q8: 38910 | R8: TIMBERVEST PARTNERS CALIFORNIA LLC | T8: 3715 NORTHSIDE PARKWAY BLD 200 SUITE 500 | U8: ATLANTA GA 30327 | X8: 28160 | Y8: 0 | Z8: 0 | AA8: 0 | AB8: 0 | AC8: 0 | AD8: 0 | AE8: 0 | AF8: 28160 | AO8: 33 | AP8: 40N | AQ8: 9W | AS8: 2016I601 | AT8: 2016 | AU8: Yes | AV8: No | AW8: 21478.145 | AX8: French | AY8: 94473.603 | AZ8: 1.2556183e+08
A9: 8 | B9: 20051 | C9: 20051 | D9: 023-150-030 | E9: 2349.989 | F9: 023-150-03 | G9: 7880.913 | H9: 023150030000 | I9: 7880.913 | J9: 17716 | K9: 023150030000 | L9: 023150030000 | N9: 888 | O9: 023 | P9: 2006R0009470 | Q9: 38910 | R9: TIMBERVEST PARTNERS CALIFORNIA LLC | T9: 3715 NORTHSIDE PARKWAY BLD 200 SUITE 500 | U9: ATLANTA GA 30327 | X9: 2879 | Y9: 0 | Z9: 0 | AA9: 0 | AB9: 0 | AC9: 0 | AD9: 0 | AE9: 0 | AF9: 2879 | AO9: 6 | AP9: 41N | AQ9: 9W | AS9: 2016I601 | AT9: 2016 | AU9: Yes | AV9: No | AW9: 7880.913 | AX9: Etna | AY9: 66148.975 | AZ9: 1.0235505e+08
A10: 9 | B10: 20051 | C10: 20051 | D10: 023-150-030 | E10: 410.70147 | F10: 023-150-03 | G10: 7880.913 | H10: 023150030000 | I10: 7880.913 | J10: 17716 | K10: 023150030000 | L10: 023150030000 | N10: 888 | O10: 023 | P10: 2006R0009470 | Q10: 38910 | R10: TIMBERVEST PARTNERS CALIFORNIA LLC | T10: 3715 NORTHSIDE PARKWAY BLD 200 SUITE 500 | U10: ATLANTA GA 30327 | X10: 2879 | Y10: 0 | Z10: 0 | AA10: 0 | AB10: 0 | AC10: 0 | AD10: 0 | AE10: 0 | AF10: 2879 | AO10: 6 | AP10: 41N | AQ10: 9W | AS10: 2016I601 | AT10: 2016 | AU10: Yes | AV10: No | AW10: 7880.913 | AX10: Clark | AY10: 24285.863 | AZ10: 17887680
A11: 10 | B11: 20051 | C11: 20051 | D11: 023-150-030 | E11: 2052.5242 | F11: 023-150-03 | G11: 7880.913 | H11: 023150030000 | I11: 7880.913 | J11: 17716 | K11: 023150030000 | L11: 023150030000 | N11: 888 | O11: 023 | P11: 2006R0009470 | Q11: 38910 | R11: TIMBERVEST PARTNERS CALIFORNIA LLC | T11: 3715 NORTHSIDE PARKWAY BLD 200 SUITE 500 | U11: ATLANTA GA 30327 | X11: 2879 | Y11: 0 | Z11: 0 | AA11: 0 | AB11: 0 | AC11: 0 | AD11: 0 | AE11: 0 | AF11: 2879 | AO11: 6 | AP11: 41N | AQ11: 9W | AS11: 2016I601 | AT11: 2016 | AU11: Yes | AV11: No | AW11: 7880.913 | AX11: Boulder | AY11: 52648.642 | AZ11: 89406442

Sheet Pivot Table EFM
A1: MERGE_SRC | B1: SUM of GIS_ACRES
A2: Boulder | B2: 2052.5242
A3: Clark | B3: 410.70147
A4: Etna | B4: 2349.989
A5: French | B5: 2882.8913
A6: Kidder | B6: 7053.3477
A7: Patterson | B7: 8481.4907
A8: Shackleford | B8: 9465.5082
A9: Snicktaw | B9: 3375.1005
A10: SouthFork | B10: 641.09598
A11: Sugar | B11: 4570.6924
A12: (blank)
A13: Grand Total | B13: 41283.342

Sheet LMMmedHUC12noValley_Intersect
A1: OBJECTID | B1: UID | C1: Are_Acr | D1: Ar_Hctr | E1: HUC_12 | F1: HU_12_NAME | G1: Shape_Length | H1: Shape_Area
A2: 1 | B2: 1 | C2: 0.074131303 | D2: 0.03 | E2: 180102080102 | F2: Noyes Valley Creek | G2: 80 | H2: 300
A3: 2 | B3: 2 | C3: 0.024710439 | D3: 0.01 | E3: 180102080102 | F3: Noyes Valley Creek | G3: 40 | H3: 100
A4: 3 | B4: 3 | C4: 0.17297315 | D4: 0.07 | E4: 180102080102 | F4: Noyes Valley Creek | G4: 140 | H4: 700
A5: 4 | B5: 4 | C5: 0.56834005 | D5: 0.23 | E5: 180102080102 | F5: Noyes Valley Creek | G5: 240 | H5: 2300
A6: 5 | B6: 5 | C6: 1.0131279 | D6: 0.41 | E6: 180102080102 | F6: Noyes Valley Creek | G6: 520 | H6: 4100
A7: 6 | B7: 6 | C7: 0.049420879 | D7: 0.02 | E7: 180102080102 | F7: Noyes Valley Creek | G7: 60 | H7: 200
A8: 7 | B8: 7 | C8: 0.14826264 | D8: 0.06 | E8: 180102080102 | F8: Noyes Valley Creek | G8: 120 | H8: 600
A9: 8 | B9: 8 | C9: 0.88957586 | D9: 0.36 | E9: 180102080102 | F9: Noyes Valley Creek | G9: 320 | H9: 3600
A10: 9 | B10: 9 | C10: 0.37065648 | D10: 0.15 | E10: 180102080102 | F10: Noyes Valley Creek | G10: 220 | H10: 1500
A11: 10 | B11: 10 | C11: 0.024710439 | D11: 0.01 | E11: 180102080102 | F11: Noyes Valley Creek | G11: 40 | H11: 100
A12: 11 | B12: 11 | C12: 0.19768353 | D12: 0.08 | E12: 180102080102 | F12: Noyes Valley Creek | G12: 160 | H12: 800
A13: 12 | B13: 12 | C13: 2.5204646 | D13: 1.02 | E13: 180102080102 | F13: Noyes Valley Creek | G13: 1000 | H13: 10200
... A4809: 4808 | B4809: 806 | C4809: 4.6455623 | D4809: 1.88 | E4809: 180102080601 | F4809: Canyon Creek | G4809: 800 | H4809: 18800

Sheet Pivot Table LMMmed
A1: HU_12_NAME | B1: SUM of Are_Acr
A2: Boulder Creek-Scott River | B2: 176.3687
A3: Canyon Creek | B3: 494.30406
A4: Clark Creek-Scott River | B4: 61.900904
A5: Etna Creek | B5: 118.95963
A6: French Creek | B6: 810.80704
A7: Hamlin Gulch-Scott River | B7: 40.720728
A8: Indian Creek | B8: 147.59013
A9: Kelsey Creek | B9: 128.94143
A10: Kidder Creek | B10: 170.07753
A11: Lower East Fork Scott River | B11: 402.78271
A12: Lower Moffett Creek | B12: 232.95099
A13: McAdam Creek | B13: 84.825426
... A27: Grand Total | B27: 8844.5507

Sheet LMMhighByHUC12_Intersect
A1: OBJECTID | B1: Are_Acr | C1: Ar_Hctr | D1: HUC_12 | E1: HU_12_NAME | F1: Shape_Length | G1: Shape_Area
A2: 1 | B2: 0.024710439 | C2: 0.01 | D2: 180102080102 | E2: Noyes Valley Creek | F2: 40 | G2: 100
A3: 2 | B3: 0.024710439 | C3: 0.01 | D3: 180102080102 | E3: Noyes Valley Creek | F3: 40 | G3: 100
A4: 3 | B4: 0.074131303 | C4: 0.03 | D4: 180102080102 | E4: Noyes Valley Creek | F4: 80 | G4: 300
A5: 4 | B5: 0.74131319 | C5: 0.3 | D5: 180102080102 | E5: Noyes Valley Creek | F5: 340 | G5: 3000
A6: 5 | B6: 0.17297306 | C6: 0.07 | D6: 180102080102 | E6: Noyes Valley Creek | F6: 160 | G6: 700
A7: 6 | B7: 0.12355219 | C7: 0.05 | D7: 180102080102 | E7: Noyes Valley Creek | F7: 120 | G7: 500
A8: 7 | B8: 0.14826264 | C8: 0.06 | D8: 180102080102 | E8: Noyes Valley Creek | F8: 100 | G8: 600
A9: 8 | B9: 0.049420879 | C9: 0.02 | D9: 180102080102 | E9: Noyes Valley Creek | F9: 60 | G9: 200
A10: 9 | B10: 0.17297308 | C10: 0.07 | D10: 180102080102 | E10: Noyes Valley Creek | F10: 140 | G10: 700
A11: 10 | B11: 0.024710439 | C11: 0.01 | D11: 180102080102 | E11: Noyes Valley Creek | F11: 40 | G11: 100
A12: 11 | B12: 0.049420879 | C12: 0.02 | D12: 180102080102 | E12: Noyes Valley Creek | F12: 60 | G12: 200
A13: 12 | B13: 0.54362964 | C13: 0.22 | D13: 180102080102 | E13: Noyes Valley Creek | F13: 260 | G13: 2200
... A1714: 1713 | B1714: 1.8285726 | C1714: 0.74 | D1714: 180102080601 | E1714: Canyon Creek | F1714: 500 | G1714: 7400

Sheet Pivot Table LMMhigh
A1: HU_12_NAME | B1: SUM of Are_Acr
A2: Boulder Creek-Scott River | B2: 40.994619
A3: Canyon Creek | B3: 124.21939
A4: Clark Creek-Scott River | B4: 3.0463987
A5: Etna Creek | B5: 18.58206
A6: French Creek | B6: 187.54883
A7: Hamlin Gulch-Scott River | B7: 3.1659288
A8: Indian Creek | B8: 13.156029
A9: Kelsey Creek | B9: 19.282961
A10: Kidder Creek | B10: 33.671805
A11: Lower East Fork Scott River | B11: 71.054962
A12: Lower Moffett Creek | B12: 36.194046
A13: McAdam Creek | B13: 6.078496
... A27: Grand Total | B27: 1703.7213

Sheet ScottFirePerimeter_Intersect
A1: OBJECTID | B1: FIRE_NAME | C1: GIS_ACRES | D1: DECADES | E1: HUC_12 | F1: HU_12_NAME | G1: Shape_Length | H1: Shape_Area
A2: 1 | B2: KELSEY | C2: 79.052811 | D2: 2020-January 2025 | E2: 180102080603 | F2: Kelsey Creek | G2: 6156.6132 | H2: 573233.44
A3: 2 | B3: KELSEY | C3: 5.5909786 | D3: 2020-January 2025 | E3: 180102080604 | F3: Tompkins Creek-Scott River | G3: 1809.092 | H3: 40541.783
A4: 3 | B4: MINER | C4: 20.135426 | D4: 2020-January 2025 | E4: 180102080203 | F4: French Creek | G4: 2456.4516 | H4: 144834.67
A5: 4 | B5: SCHOOLHOUSE | C5: 37.063892 | D5: 2020-January 2025 | E5: 180102080501 | F5: Indian Creek | G5: 2367.9267 | H5: 269098.14
A6: 5 | B6: MEAMBER | C6: 2.3006334 | D6: 2020-January 2025 | E6: 180102080504 | F6: Sniktaw Creek-Scott River | G6: 586.98361 | H6: 16686.004
A7: 6 | B7: SCARFACE | C7: 5.558641 | D7: 2020-January 2025 | E7: 180102080301 | F7: Upper Moffett Creek | G7: 920.61076 | H7: 40220.79
A8: 7 | B8: MOUNTAIN | C8: 2735.4636 | D8: 2020-January 2025 | E8: 180102080101 | F8: Upper East Fork Scott River | G8: 69061.148 | H8: 19710213
A9: 8 | B9: MOUNTAIN | C9: 3249.3542 | D9: 2020-January 2025 | E9: 180102080102 | F9: Noyes Valley Creek | G9: 46258.955 | H9: 23426837
A10: 9 | B10: MOUNTAIN | C10: 2161.6409 | D10: 2020-January 2025 | E10: 180102080301 | F10: Upper Moffett Creek | G10: 40866.44 | H10: 15601359
A11: 10 | B11: MEAMBER | C11: 62.630039 | D11: 2020-January 2025 | E11: 180102080504 | F11: Sniktaw Creek-Scott River | G11: 4135.1527 | H11: 454616.68
A12: 11 | B12: TOWNSEND | C12: 1.7523195 | D12: 2020-January 2025 | E12: 180102080604 | F12: Tompkins Creek-Scott River | G12: 983.55472 | H12: 12732.543
A13: 12 | B13: TOWNSEND | C13: 79.477669 | D13: 2020-January 2025 | E13: 180102080606 | F13: Town of Scott Bar-Scott River | G13: 4513.4316 | H13: 577484.03
... A38: 37 | B38: NOYES 1-14 | C38: 7.6874208 | D38: 2020-January 2025 | E38: 180102080101 | F38: Upper East Fork Scott River | G38: 1127.8423 | H38: 55389.961

Sheet Pivot Table Fire
A1: HU_12_NAME | B1: SUM of GIS_ACRES
A2: Boulder Creek-Scott River | B2: 49.814251
A3: Canyon Creek | B3: 214.20634
A4: French Creek | B4: 20.135426
A5: Indian Creek | B5: 343.41521
A6: Kelsey Creek | B6: 79.052811
A7: Kidder Creek | B7: 9287.2188
A8: Lower East Fork Scott River | B8: 1152.0331
A9: McAdam Creek | B9: 555.97528
A10: Mill Creek | B10: 3924.5252
A11: Noyes Valley Creek | B11: 3249.3542
A12: Patterson Creek | B12: 4179.5995
A13: Shackleford Creek | B13: 330.76368
... A20: Grand Total | B20: 48383.125

Sheet EFScott_MdwUnits_Intersect
A1: OBJECTID_1 | B1: NEPA_ID | C1: SYSTEM | D1: CalcAcres | E1: Prescripti | F1: SlashTreat | G1: Objective | H1: HUC_12 | I1: HU_12_NAME | J1: Shape_Length | K1: Shape_Area
A2: 1 | B2: 501-177-DM | C2: Manual Thinning | D2: 30.945492 | E2: Dry Meadow Enhancement | F2: Hand Pile & Burn Piles | G2: Enhance Meadow Habitat | H2: 180102080101 | I2: Upper East Fork Scott River | J2: 1690.1534 | K2: 125135.16
A3: 2 | B3: 501-176-DM | C3: Manual Thinning | D3: 27.347984 | E3: Dry Meadow Enhancement | F3: Hand Pile & Burn Piles | G3: Enhance Meadow Habitat | H3: 180102080101 | I3: Upper East Fork Scott River | J3: 2006.0665 | K3: 110588
A4: 3 | B4: 505-147-DM | C4: Manual Thinning | D4: 7.6065555 | E4: Dry Meadow Enhancement | F4: Hand Pile & Burn Piles | G4: Enhance Meadow Habitat | H4: 180102080103 | I4: Lower East Fork Scott River | J4: 752.14588 | K4: 30758.562
A5: 4 | B5: 505-146-DM | C5: Manual Thinning | D5: 50.430634 | E5: Dry Meadow Enhancement | F5: Hand Pile & Burn Piles | G5: Enhance Meadow Habitat | H5: 180102080103 | I5: Lower East Fork Scott River | J5: 4681.3048 | K5: 203926.05
A6: 5 | B6: 505-148-DM | C6: Manual Thinning | D6: 5.2912226 | E6: Dry Meadow Enhancement | F6: Hand Pile & Burn Piles | G6: Enhance Meadow Habitat | H6: 180102080103 | I6: Lower East Fork Scott River | J6: 1207.6418 | K6: 21396.095
A7: 6 | B7: 505-150-DM | C7: Manual Thinning | D7: 9.2487745 | E7: Dry Meadow Enhancement | F7: Hand Pile & Burn Piles | G7: Enhance Meadow Habitat | H7: 180102080103 | I7: Lower East Fork Scott River | J7: 1302.1012 | K7: 37399.171
A8: 7 | B8: 505-149-DM | C8: Manual Thinning | D8: 78.568237 | E8: Dry Meadow Enhancement | F8: Hand Pile & Burn Piles | G8: Enhance Meadow Habitat | H8: 180102080103 | I8: Lower East Fork Scott River | J8: 6217.137 | K8: 317705.47
A9: 8 | B9: 501-169-DM | C9: Manual Thinning | D9: 20.211813 | E9: Dry Meadow Enhancement | F9: Hand Pile & Burn Piles | G9: Enhance Meadow Habitat | H9: 180102080101 | I9: Upper East Fork Scott River | J9: 1259.3608 | K9: 81731.292
A10: 9 | B10: 501-167-DM | C10: Manual Thinning | D10: 151.29948 | E10: Dry Meadow Enhancement | F10: Hand Pile & Burn Piles | G10: Enhance Meadow Habitat | H10: 180102080101 | I10: Upper East Fork Scott River | J10: 5837.8421 | K10: 611816.59
A11: 10 | B11: 501-170-DM | C11: Manual Thinning | D11: 119.096 | E11: Dry Meadow Enhancement | F11: Hand Pile & Burn Piles | G11: Enhance Meadow Habitat | H11: 180102080101 | I11: Upper East Fork Scott River | J11: 5031.5575 | K11: 481594.71
A12: 11 | B12: 501-173-DM | C12: Manual Thinning | D12: 15.688309 | E12: Dry Meadow Enhancement | F12: Hand Pile & Burn Piles | G12: Enhance Meadow Habitat | H12: 180102080101 | I12: Upper East Fork Scott River | J12: 1605.2675 | K12: 63439.416
A13: 12 | B13: 501-175-DM | C13: Manual Thinning | D13: 49.03854 | E13: Dry Meadow Enhancement | F13: Hand Pile & Burn Piles | G13: Enhance Meadow Habitat | H13: 180102080101 | I13: Upper East Fork Scott River | J13: 3236.2967 | K13: 198299.02
... A54: 53 | B54: 505-218-WM | C54: Manual Thinning | D54: 3.993567 | E54: Wet Meadow Enhancement | F54: Hand Pile & Burn Piles | G54: Enhance Meadow Habitat | H54: 180102080103 | I54: Lower East Fork Scott River | J54: 609.04393 | K54: 16148.753
A55: 54 | B55: 505-226-WM | D55: 10.111776 | E55: Wet Meadow Enhancement | F55: Hand Pile & Burn Piles | G55: Enhance Meadow Habitat | H55: 180102080103 | I55: Lower East Fork Scott River | J55: 1094.5743 | K55: 40889.088
A56: 55 | B56: 505-225-WM | C56: Manual Thinning | D56: 12.171278 | E56: Wet Meadow Enhancement | F56: Hand Pile & Burn Piles | G56: Enhance Meadow Habitat | H56: 180102080103 | I56: Lower East Fork Scott River | J56: 982.99599 | K56: 49217.261
A57: 56 | B57: 503-227-WM | C57: Manual Thinning | D57: 10.054819 | E57: Wet Meadow Enhancement | F57: Hand Pile & Burn Piles | G57: Enhance Meadow Habitat | H57: 180102080101 | I57: Upper East Fork Scott River | J57: 1573.6737 | K57: 40658.927
A58: 57 | B58: 505-155-DM | C58: Manual Thinning | D58: 0.16941971 | E58: Dry Meadow Enhancement | F58: Hand Pile & Burn Piles | G58: Enhance Meadow Habitat | H58: 180102080103 | I58: Lower East Fork Scott River | J58: 185.75491 | K58: 685.08339
A59: 58 | B59: 505-162-WM | C59: Manual Thinning | D59: 0.16941971 | E59: Wet Meadow Enhancement | F59: Hand Pile & Burn Piles | G59: Enhance Meadow Habitat | H59: 180102080103 | I59: Lower East Fork Scott River | J59: 185.75491 | K59: 685.08339

Sheet Pivot Table MdwNEPA
A1: HU_12_NAME | B1: SUM of CalcAcres
A2: Lower East Fork Scott River | B2: 729.51209
A3: Upper East Fork Scott River | B3: 1315.2367
A4: Grand Total | B4: 2044.7487

Sheet snow data
A1: HUC12 name | B1: huccode | C1: Apr 1 Mean_SWE | D1: Apr 1 Percent_NoSnow | E1: Apr 1 Percent_LowerThird | F1: Apr 1 Percent_MiddleThird | G1: Apr 1 Percent_UpperThird | H1: huccode
A2: Boulder Creek-Scott River | B2: 180102080602 | C2: 84.481954 | D2: 0.11721068 | E2: 0.1735905 | F2: 0.51186944 | G2: 0.31454006 | H2: 180102080602
A3: Canyon Creek | B3: 180102080601 | C3: 404.53402 | D3: 0 | E3: 0 | F3: 0.051620648 | G3: 0.94837935 | H3: 180102080601
A4: Clark Creek-Scott River | B4: 180102080206 | C4: 20.329404 | D4: 0.70599251 | E4: 0.73782772 | F4: 0.19662921 | G4: 0.065543071 | H4: 180102080206
A5: Etna Creek | B5: 180102080205 | C5: 184.55855 | D5: 0.058954394 | E5: 0.066740823 | F5: 0.25139043 | G5: 0.68186874 | H5: 180102080205
A6: French Creek | B6: 180102080203 | C6: 148.43709 | D6: 0.078875793 | E6: 0.13780598 | F6: 0.3463282 | G6: 0.51586582 | H6: 180102080203
A7: Hamlin Gulch-Scott River | B7: 180102080403 | C7: 1.3513042 | D7: 0.97174809 | E7: 0.98057681 | F7: 0.01942319 | G7: 0 | H7: 180102080403
A8: Indian Creek | B8: 180102080501 | C8: 29.03236 | D8: 0.32952692 | E8: 0.35399674 | F8: 0.64600326 | G8: 0 | H8: 180102080501
A9: Kelsey Creek | B9: 180102080603 | C9: 374.5173 | D9: 0 | E9: 0.0050083472 | F9: 0.10350584 | G9: 0.89148581 | H9: 180102080603
A10: Kidder Creek | B10: 180102080402 | C10: 174.06261 | D10: 0.26180258 | E10: 0.27811159 | F10: 0.15364807 | G10: 0.56824034 | H10: 180102080402
A11: Lower East Fork Scott River | B11: 180102080103 | C11: 272.13423 | D11: 0 | E11: 0 | F11: 0.14919736 | G11: 0.85080264 | H11: 180102080103
A12: Lower Moffett Creek | B12: 180102080303 | C12: 18.699645 | D12: 0.58951407 | E12: 0.68222506 | F12: 0.28964194 | G12: 0.028132992 | H12: 180102080303
A13: McAdam Creek | B13: 180102080302 | C13: 25.962269 | D13: 0.15317287 | E13: 0.20897155 | F13: 0.79102845 | G13: 0 | H13: 180102080302
... A26: Upper Moffett Creek | B26: 180102080301 | C26: 37.971468 | D26: 0.067065868 | E26: 0.15389222 | F26: 0.84610778 | G26: 0 | H26: 180102080301

Sheet biodiversity
A1: huccode | B1: HUC12 name | C1: Coho key watershed | D1: Coho documented | E1: SUM of Length_ft | F1: coholength Jenks score | G1: Coho | H1: Aspen | I1: Cascades frog | J1: Darlingtonia | K1: Biodiversity Score | N1: Coho key watersheds
A2: 180102080602 | B2: Boulder Creek-Scott River | F2: 0 | G2: =C2+F2 -> 0 | H2: 2 | K2: =H2+I2+G2+J2 -> 2
A3: 180102080601 | B3: Canyon Creek | C3: 2 | D3: Canyon Creek | E3: 5684.1476 | F3: 1 | G3: =C3+F3 -> 3 | H3: 2 | I3: 2 | K3: =H3+I3+G3+J3 -> 7
A4: 180102080206 | B4: Clark Creek-Scott River | F4: 0 | G4: =C4+F4 -> 0 | K4: =H4+I4+G4+J4 -> 0
A5: 180102080205 | B5: Etna Creek | C5: 2 | D5: Etna Creek | E5: 33403.361 | F5: 2 | G5: =C5+F5 -> 4 | H5: 2 | I5: 2 | K5: =H5+I5+G5+J5 -> 8
A6: 180102080203 | B6: French Creek | C6: 2 | D6: French Creek | E6: 47683.319 | F6: 2 | G6: =C6+F6 -> 4 | H6: 2 | I6: 2 | J6: 2 | K6: =H6+I6+G6+J6 -> 10
A7: 180102080403 | B7: Hamlin Gulch-Scott River | F7: 0 | G7: =C7+F7 -> 0 | K7: =H7+I7+G7+J7 -> 0
A8: 180102080501 | B8: Indian Creek | F8: 0 | G8: =C8+F8 -> 0 | K8: =H8+I8+G8+J8 -> 0
A9: 180102080603 | B9: Kelsey Creek | C9: 2 | D9: Kelsey Creek | E9: 2441.0682 | F9: 1 | G9: =C9+F9 -> 3 | K9: =H9+I9+G9+J9 -> 3
A10: 180102080402 | B10: Kidder Creek | C10: 2 | D10: Kidder Creek | E10: 117496.86 | F10: 3 | G10: =C10+F10 -> 5 | H10: 2 | I10: 2 | K10: =H10+I10+G10+J10 -> 9
A11: 180102080103 | B11: Lower East Fork Scott River | C11: 2 | D11: Lower East Fork Scott River | E11: 64632.283 | F11: 2 | G11: =C11+F11 -> 4 | I11: 2 | J11: 2 | K11: =H11+I11+G11+J11 -> 8
A12: 180102080303 | B12: Lower Moffett Creek | D12: Lower Moffett Creek | E12: 13666.447 | F12: 1 | G12: =C12+F12 -> 1 | K12: =H12+I12+G12+J12 -> 1
A13: 180102080302 | B13: McAdam Creek | F13: 0 | G13: =C13+F13 -> 0 | K13: =H13+I13+G13+J13 -> 0
A14: 180102080202 | B14: McConaughy Gulch | F14: 0 | G14: =C14+F14 -> 0 | I14: 2 | J14: 2 | K14: =H14+I14+G14+J14 -> 4
A15: 180102080605 | B15: Mill Creek | C15: 2 | D15: Mill Creek | E15: 6591.4915 | F15: 1 | G15: =C15+F15 -> 3 | K15: =H15+I15+G15+J15 -> 3
A16: 180102080102 | B16: Noyes Valley Creek | D16: Noyes Valley Creek | E16: 18817.087 | F16: 1 | G16: =C16+F16 -> 1 | I16: 2 | J16: 2 | K16: =H16+I16+G16+J16 -> 5
A17: 180102080503 | B17: Oro Fino Creek-Scott River | F17: 0 | G17: =C17+F17 -> 0 | K17: =H17+I17+G17+J17 -> 0
A18: 180102080401 | B18: Patterson Creek | C18: 2 | D18: Patterson Creek | E18: 53326.421 | F18: 2 | G18: =C18+F18 -> 4 | K18: =H18+I18+G18+J18 -> 4
A19: 180102080502 | B19: Shackleford Creek | C19: 2 | D19: Shackleford Creek | E19: 52623.978 | F19: 2 | G19: =C19+F19 -> 4 | H19: 2 | I19: 2 | J19: 2 | K19: =H19+I19+G19+J19 -> 10
A20: 180102080504 | B20: Sniktaw Creek-Scott River | F20: 0 | G20: =C20+F20 -> 0 | K20: =H20+I20+G20+J20 -> 0
A21: 180102080201 | B21: South Fork Scott River | C21: 2 | D21: South Fork Scott River | E21: 39323.83 | F21: 2 | G21: =C21+F21 -> 4 | H21: 2 | I21: 2 | J21: 2 | K21: =H21+I21+G21+J21 -> 10
A22: 180102080204 | B22: Sugar Creek-Scott River | C22: 2 | D22: Sugar Creek-Scott River | E22: 28957.942 | F22: 2 | G22: =C22+F22 -> 4 | I22: 2 | J22: 2 | K22: =H22+I22+G22+J22 -> 8
A23: 180102080604 | B23: Tompkins Creek-Scott River | C23: 2 | D23: Tompkins Creek-Scott River | E23: 4958.0304 | F23: 1 | G23: =C23+F23 -> 3 | K23: =H23+I23+G23+J23 -> 3
A24: 180102080606 | B24: Town of Scott Bar-Scott River | C24: 2 | F24: 0 | G24: =C24+F24 -> 2 | I24: 2 | K24: =H24+I24+G24+J24 -> 4
A25: 180102080101 | B25: Upper East Fork Scott River | C25: 2 | D25: Upper East Fork Scott River | E25: 66413.576 | F25: 2 | G25: =C25+F25 -> 4 | I25: 2 | J25: 2 | K25: =H25+I25+G25+J25 -> 8
A26: 180102080301 | B26: Upper Moffett Creek | F26: 0 | G26: =C26+F26 -> 0 | J26: 2 | K26: =H26+I26+G26+J26 -> 2

Sheet Pivot Table biodiversity
A1: HUC12 name | B1: SUM of Biodiversity Score
A2: Boulder Creek-Scott River | B2: 2
A3: Canyon Creek | B3: 7
A4: Clark Creek-Scott River | B4: 0
A5: Etna Creek | B5: 8
A6: French Creek | B6: 10
A7: Hamlin Gulch-Scott River | B7: 0
A8: Indian Creek | B8: 0
A9: Kelsey Creek | B9: 3
A10: Kidder Creek | B10: 9
A11: Lower East Fork Scott River | B11: 8
A12: Lower Moffett Creek | B12: 1
A13: McAdam Creek | B13: 0
... A27: Grand Total | B27: 109

Sheet TerrestrialRareSpp
A1: OBJECTID | B1: Hex_ID | C1: RarRankEco | D1: RarSumEco | E1: RarRankSW | F1: RarSumSW | G1: RareCount | H1: RarAmph | I1: RarRept | J1: RarBird | K1: RarMamm | L1: RarPlnt | M1: Eco_Sect | N1: Eco_Name | O1: Acres | P1: HUC_12 | Q1: HU_12_NAME | R1: %area of HUC12 clip | S1: RareCountAveByArea | T1: RareAmphAveByArea | U1: RarePlantAveByArea | W1: HU_12_NAME | X1: SUM of Acres
A2: 43 | B2: 2517 | C2: 4 | D2: 0.344828 | E2: 5 | F2: 0.176422 | G2: 10 | H2: 2 | I2: 0 | J2: 1 | K2: 0 | L2: 7 | M2: M261A | N2: Klamath Mountains | O2: 295.04364 | P2: 180102080602 | Q2: Boulder Creek-Scott River | R2: =O2/$X$2 -> 0.022979597 | S2: =G2*R2 -> 0.22979597 | T2: =H2*R2 -> 0.045959194 | U2: =L2*R2 -> 0.16085718 | W2: Boulder Creek-Scott River | X2: 12839.374
A3: 57 | B3: 2077 | C3: 3 | D3: 0.22069 | E3: 4 | F3: 0.108042 | G3: 4 | H3: 1 | I3: 0 | J3: 2 | K3: 1 | L3: 0 | M3: M261A | N3: Klamath Mountains | O3: 99.693113 | P3: 180102080602 | Q3: Boulder Creek-Scott River | R3: =O3/$X$2 -> 0.0077646396 | S3: =G3*R3 -> 0.031058558 | T3: =H3*R3 -> 0.0077646396 | U3: =L3*R3 -> 0 | W3: Canyon Creek | X3: 15834.417
A4: 66 | B4: 2225 | C4: 5 | D4: 0.510345 | E4: 5 | F4: 0.246376 | G4: 9 | H4: 2 | I4: 0 | J4: 4 | K4: 3 | L4: 0 | M4: M261A | N4: Klamath Mountains | O4: 1599.9932 | P4: 180102080602 | Q4: Boulder Creek-Scott River | R4: =O4/$X$2 -> 0.12461614 | S4: =G4*R4 -> 1.1215452 | T4: =H4*R4 -> 0.24923227 | U4: =L4*R4 -> 0 | W4: Clark Creek-Scott River | X4: 4353.3988
A5: 86 | B5: 2298 | C5: 5 | D5: 0.572414 | E5: 5 | F5: 0.269623 | G5: 12 | H5: 2 | I5: 0 | J5: 4 | K5: 3 | L5: 3 | M5: M261A | N5: Klamath Mountains | O5: 1599.9932 | P5: 180102080602 | Q5: Boulder Creek-Scott River | R5: =O5/$X$2 -> 0.12461613 | S5: =G5*R5 -> 1.4953936 | T5: =H5*R5 -> 0.24923227 | U5: =L5*R5 -> 0.3738484 | W5: Etna Creek | X5: 15199.881
A6: 87 | B6: 2299 | C6: 2 | D6: 0.124138 | E6: 2 | F6: 0.04107 | G6: 4 | H6: 0 | I6: 0 | J6: 3 | K6: 0 | L6: 1 | M6: M261A | N6: Klamath Mountains | O6: 734.72552 | P6: 180102080602 | Q6: Boulder Creek-Scott River | R6: =O6/$X$2 -> 0.057224402 | S6: =G6*R6 -> 0.22889761 | T6: =H6*R6 -> 0 | U6: =L6*R6 -> 0.057224402 | W6: French Creek | X6: 19140.911
A7: 120 | B7: 2371 | C7: 4 | D7: 0.296552 | E7: 4 | F7: 0.134647 | G7: 7 | H7: 1 | I7: 0 | J7: 3 | K7: 1 | L7: 2 | M7: M261A | N7: Klamath Mountains | O7: 677.94138 | P7: 180102080602 | Q7: Boulder Creek-Scott River | R7: =O7/$X$2 -> 0.052801746 | S7: =G7*R7 -> 0.36961222 | T7: =H7*R7 -> 0.052801746 | U7: =L7*R7 -> 0.10560349 | W7: Hamlin Gulch-Scott River | X7: 14724.314
A8: 137 | B8: 2372 | C8: 3 | D8: 0.248276 | E8: 4 | F8: 0.112104 | G8: 7 | H8: 1 | I8: 0 | J8: 3 | K8: 0 | L8: 3 | M8: M261A | N8: Klamath Mountains | O8: 896.98507 | P8: 180102080602 | Q8: Boulder Creek-Scott River | R8: =O8/$X$2 -> 0.069862055 | S8: =G8*R8 -> 0.48903439 | T8: =H8*R8 -> 0.069862055 | U8: =L8*R8 -> 0.20958617 | W8: Indian Creek | X8: 11066.812
A9: 323 | B9: 2151 | C9: 5 | D9: 0.475862 | E9: 5 | F9: 0.235269 | G9: 8 | H9: 2 | I9: 0 | J9: 3 | K9: 3 | L9: 0 | M9: M261A | N9: Klamath Mountains | O9: 1599.9932 | P9: 180102080602 | Q9: Boulder Creek-Scott River | R9: =O9/$X$2 -> 0.12461614 | S9: =G9*R9 -> 0.9969291 | T9: =H9*R9 -> 0.24923228 | U9: =L9*R9 -> 0 | W9: Kelsey Creek | X9: 11384.719
A10: 330 | B10: 2445 | C10: 4 | D10: 0.331034 | E10: 4 | F10: 0.143101 | G10: 11 | H10: 1 | I10: 0 | J10: 3 | K10: 0 | L10: 7 | M10: M261A | N10: Klamath Mountains | O10: 1308.2855 | P10: 180102080602 | Q10: Boulder Creek-Scott River | R10: =O10/$X$2 -> 0.10189636 | S10: =G10*R10 -> 1.12086 | T10: =H10*R10 -> 0.10189636 | U10: =L10*R10 -> 0.71327452 | W10: Kidder Creek | X10: 15850.224
A11: 352 | B11: 2152 | C11: 2 | D11: 0.137931 | E11: 2 | F11: 0.052506 | G11: 3 | H11: 0 | I11: 0 | J11: 2 | K11: 1 | L11: 0 | M11: M261A | N11: Klamath Mountains | O11: 1213.151 | P11: 180102080602 | Q11: Boulder Creek-Scott River | R11: =O11/$X$2 -> 0.094486768 | S11: =G11*R11 -> 0.28346031 | T11: =H11*R11 -> 0 | U11: =L11*R11 -> 0 | W11: Lower East Fork Scott River | X11: 19088.768
A12: 389 | B12: 2004 | C12: 3 | D12: 0.268966 | E12: 4 | F12: 0.15247 | G12: 4 | H12: 2 | I12: 0 | J12: 1 | K12: 1 | L12: 0 | M12: M261A | N12: Klamath Mountains | O12: 203.49007 | P12: 180102080602 | Q12: Boulder Creek-Scott River | R12: =O12/$X$2 -> 0.015848909 | S12: =G12*R12 -> 0.063395635 | T12: =H12*R12 -> 0.031697817 | U12: =L12*R12 -> 0 | W12: Lower Moffett Creek | X12: 24981.248
A13: 416 | B13: 2005 | C13: 1 | D13: 0.034483 | E13: 1 | F13: 0.011107 | G13: 1 | H13: 0 | I13: 0 | J13: 1 | K13: 0 | L13: 0 | M13: M261A | N13: Klamath Mountains | O13: 343.63054 | P13: 180102080602 | Q13: Boulder Creek-Scott River | R13: =O13/$X$2 -> 0.026763808 | S13: =G13*R13 -> 0.026763808 | T13: =H13*R13 -> 0 | U13: =L13*R13 -> 0 | W13: McAdam Creek | X13: 16055.997
... A16: 526 | B16: 2591 | C16: 4 | D16: 0.310345 | E16: 4 | F16: 0.14343 | G16: 9 | H16: 1 | I16: 0 | J16: 1 | K16: 1 | L16: 6 | M16: M261A | N16: Klamath Mountains | O16: 123.33829 | P16: 180102080602 | Q16: Boulder Creek-Scott River | R16: =O16/$X$2 -> 0.0096062542 | S16: =G16*R16 -> 0.086456287 | T16: =H16*R16 -> 0.0096062542 | U16: =L16*R16 -> 0.057637525 | W16: Noyes Valley Creek | X16: 15047.777
A17: 1 | B17: 2808 | C17: 4 | D17: 0.331034 | E17: 5 | F17: 0.175718 | G17: 7 | H17: 2 | I17: 0 | J17: 1 | K17: 1 | L17: 3 | M17: M261A | N17: Klamath Mountains | O17: 153.74895 | P17: 180102080601 | Q17: Canyon Creek | R17: =O17/$X$3 -> 0.0097097951 | S17: =G17*R17 -> 0.067968566 | T17: =H17*R17 -> 0.01941959 | U17: =L17*R17 -> 0.029129385 | W17: Oro Fino Creek-Scott River | X17: 11941.297
A18: 41 | B18: 2517 | C18: 4 | D18: 0.344828 | E18: 5 | F18: 0.176422 | G18: 10 | H18: 2 | I18: 0 | J18: 1 | K18: 0 | L18: 7 | M18: M261A | N18: Klamath Mountains | O18: 1267.9606 | P18: 180102080601 | Q18: Canyon Creek | R18: =O18/$X$3 -> 0.08007624 | S18: =G18*R18 -> 0.8007624 | T18: =H18*R18 -> 0.16015248 | U18: =L18*R18 -> 0.56053368 | W18: Patterson Creek | X18: 11561.784
A19: 44 | B19: 2736 | C19: 5 | D19: 0.448276 | E19: 5 | F19: 0.264246 | G19: 9 | H19: 4 | I19: 0 | J19: 1 | K19: 0 | L19: 4 | M19: M261A | N19: Klamath Mountains | O19: 775.47667 | P19: 180102080601 | Q19: Canyon Creek | R19: =O19/$X$3 -> 0.048974121 | S19: =G19*R19 -> 0.44076709 | T19: =H19*R19 -> 0.19589648 | U19: =L19*R19 -> 0.19589648 | W19: Shackleford Creek | X19: 19512.034
A20: 64 | B20: 2515 | C20: 4 | D20: 0.310345 | E20: 4 | F20: 0.14343 | G20: 9 | H20: 1 | I20: 0 | J20: 1 | K20: 1 | L20: 6 | M20: M261A | N20: Klamath Mountains | O20: 346.90863 | P20: 180102080601 | Q20: Canyon Creek | R20: =O20/$X$3 -> 0.021908519 | S20: =G20*R20 -> 0.19717667 | T20: =H20*R20 -> 0.021908519 | U20: =L20*R20 -> 0.13145111 | W20: Sniktaw Creek-Scott River | X20: 9769.7798
A21: 71 | B21: 2663 | C21: 5 | D21: 0.57931 | E21: 5 | F21: 0.317785 | G21: 13 | H21: 4 | I21: 0 | J21: 1 | K21: 1 | L21: 7 | M21: M261A | N21: Klamath Mountains | O21: 424.57101 | P21: 180102080601 | Q21: Canyon Creek | R21: =O21/$X$3 -> 0.026813176 | S21: =G21*R21 -> 0.34857128 | T21: =H21*R21 -> 0.1072527 | U21: =L21*R21 -> 0.18769223 | W21: South Fork Scott River | X21: 27974.322
A22: 80 | B22: 2516 | C22: 3 | D22: 0.268966 | E22: 4 | F22: 0.15247 | G22: 4 | H22: 2 | I22: 0 | J22: 1 | K22: 1 | L22: 0 | M22: M261A | N22: Klamath Mountains | O22: 1600.0009 | P22: 180102080601 | Q22: Canyon Creek | R22: =O22/$X$3 -> 0.10104577 | S22: =G22*R22 -> 0.40418309 | T22: =H22*R22 -> 0.20209155 | U22: =L22*R22 -> 0 | W22: Sugar Creek-Scott River | X22: 19645.117
A23: 119 | B23: 2371 | C23: 4 | D23: 0.296552 | E23: 4 | F23: 0.134647 | G23: 7 | H23: 1 | I23: 0 | J23: 3 | K23: 1 | L23: 2 | M23: M261A | N23: Klamath Mountains | O23: 922.04658 | P23: 180102080601 | Q23: Canyon Creek | R23: =O23/$X$3 -> 0.058230534 | S23: =G23*R23 -> 0.40761374 | T23: =H23*R23 -> 0.058230534 | U23: =L23*R23 -> 0.11646107 | W23: Tompkins Creek-Scott River | X23: 17634.944
A24: 207 | B24: 2661 | C24: 4 | D24: 0.365517 | E24: 4 | F24: 0.162286 | G24: 11 | H24: 1 | I24: 0 | J24: 2 | K24: 1 | L24: 7 | M24: M261A | N24: Klamath Mountains | O24: 395.46575 | P24: 180102080601 | Q24: Canyon Creek | R24: =O24/$X$3 -> 0.024975074 | S24: =G24*R24 -> 0.27472582 | T24: =H24*R24 -> 0.024975074 | U24: =L24*R24 -> 0.17482552 | W24: Town of Scott Bar-Scott River | X24: 25690.485
A25: 232 | B25: 2443 | C25: 4 | D25: 0.351724 | E25: 5 | F25: 0.183467 | G25: 8 | H25: 2 | I25: 0 | J25: 1 | K25: 1 | L25: 4 | M25: M261A | N25: Klamath Mountains | O25: 640.65685 | P25: 180102080601 | Q25: Canyon Creek | R25: =O25/$X$3 -> 0.040459768 | S25: =G25*R25 -> 0.32367814 | T25: =H25*R25 -> 0.080919536 | U25: =L25*R25 -> 0.16183907 | W25: Upper East Fork Scott River | X25: 34452.298
A26: 271 | B26: 2590 | C26: 5 | D26: 0.455172 | E26: 5 | F26: 0.246752 | G26: 10 | H26: 3 | I26: 0 | J26: 1 | K26: 1 | L26: 5 | M26: M261A | N26: Klamath Mountains | O26: 1599.9985 | P26: 180102080601 | Q26: Canyon Creek | R26: =O26/$X$3 -> 0.10104562 | S26: =G26*R26 -> 1.0104562 | T26: =H26*R26 -> 0.30313685 | U26: =L26*R26 -> 0.50522809 | W26: Upper Moffett Creek | X26: 31807.651
A27: 278 | B27: 2444 | C27: 3 | D27: 0.227586 | E27: 4 | F27: 0.112433 | G27: 5 | H27: 1 | I27: 0 | J27: 1 | K27: 1 | L27: 2 | M27: M261A | N27: Klamath Mountains | O27: 1599.9985 | P27: 180102080601 | Q27: Canyon Creek | R27: =O27/$X$3 -> 0.10104562 | S27: =G27*R27 -> 0.50522811 | T27: =H27*R27 -> 0.10104562 | U27: =L27*R27 -> 0.20209124
A28: 286 | B28: 2589 | C28: 5 | D28: 0.434483 | E28: 5 | F28: 0.214464 | G28: 12 | H28: 2 | I28: 0 | J28: 1 | K28: 1 | L28: 8 | M28: M261A | N28: Klamath Mountains | O28: 1600.0037 | P28: 180102080601 | Q28: Canyon Creek | R28: =O28/$X$3 -> 0.10104595 | S28: =G28*R28 -> 1.2125514 | T28: =H28*R28 -> 0.2020919 | U28: =L28*R28 -> 0.8083676
A29: 314 | B29: 2662 | C29: 4 | D29: 0.365517 | E29: 5 | F29: 0.186825 | G29: 8 | H29: 2 | I29: 0 | J29: 2 | K29: 1 | L29: 3 | M29: M261A | N29: Klamath Mountains | O29: 1599.9826 | P29: 180102080601 | Q29: Canyon Creek | R29: =O29/$X$3 -> 0.10104462 | S29: =G29*R29 -> 0.80835693 | T29: =H29*R29 -> 0.20208923 | U29: =L29*R29 -> 0.30313385
A30: 336 | B30: 2735 | C30: 5 | D30: 0.427586 | E30: 5 | F30: 0.210072 | G30: 11 | H30: 2 | I30: 0 | J30: 2 | K30: 1 | L30: 6 | M30: M261A | N30: Klamath Mountains | O30: 692.242 | P30: 180102080601 | Q30: Canyon Creek | R30: =O30/$X$3 -> 0.043717555 | S30: =G30*R30 -> 0.4808931 | T30: =H30*R30 -> 0.087435109 | U30: =L30*R30 -> 0.26230533
A31: 420 | B31: 2224 | C31: 5 | D31: 0.427586 | E31: 5 | F31: 0.19084 | G31: 8 | H31: 1 | I31: 0 | J31: 4 | K31: 3 | L31: 0 | M31: M261A | N31: Klamath Mountains | O31: 310.79349 | P31: 180102080601 | Q31: Canyon Creek | R31: =O31/$X$3 -> 0.019627719 | S31: =G31*R31 -> 0.15702175 | T31: =H31*R31 -> 0.019627719 | U31: =L31*R31 -> 0
A32: 496 | B32: 2370 | C32: 2 | D32: 0.186207 | E32: 3 | F32: 0.096935 | G32: 3 | H32: 1 | I32: 0 | J32: 1 | K32: 1 | L32: 0 | M32: M261A | N32: Klamath Mountains | O32: 662.46414 | P32: 180102080601 | Q32: Canyon Creek | R32: =O32/$X$3 -> 0.041836976 | S32: =G32*R32 -> 0.12551093 | T32: =H32*R32 -> 0.041836976 | U32: =L32*R32 -> 0
A33: 499 | B33: 2297 | C33: 4 | D33: 0.303448 | E33: 4 | F33: 0.163577 | G33: 5 | H33: 2 | I33: 0 | J33: 2 | K33: 1 | L33: 0 | M33: M261A | N33: Klamath Mountains | O33: 1242.0983 | P33: 180102080601 | Q33: Canyon Creek | R33: =O33/$X$3 -> 0.078442944 | S33: =G33*R33 -> 0.39221472 | T33: =H33*R33 -> 0.15688589 | U33: =L33*R33 -> 0
A34: 3 | B34: 3470 | C34: 2 | D34: 0.2 | E34: 3 | F34: 0.075754 | G34: 6 | H34: 0 | I34: 0 | J34: 2 | K34: 1 | L34: 3 | M34: M261A | N34: Klamath Mountains | O34: 258.8322 | P34: 180102080206 | Q34: Clark Creek-Scott River | R34: =O34/$X$4 -> 0.059455202 | S34: =G34*R34 -> 0.35673121 | T34: =H34*R34 -> 0 | U34: =L34*R34 -> 0.17836561
A35: 96 | B35: 3252 | C35: 1 | D35: 0.110345 | E35: 2 | F35: 0.037713 | G35: 4 | H35: 0 | I35: 0 | J35: 2 | K35: 0 | L35: 2 | M35: M261A | N35: Klamath Mountains | O35: 70.167825 | P35: 180102080206 | Q35: Clark Creek-Scott River | R35: =O35/$X$4 -> 0.016117941 | S35: =G35*R35 -> 0.064471764 | T35: =H35*R35 -> 0 | U35: =L35*R35 -> 0.032235882
A36: 152 | B36: 3398 | C36: 1 | D36: 0.055172 | E36: 1 | F36: 0.018856 | G36: 2 | H36: 0 | I36: 0 | J36: 1 | K36: 0 | L36: 1 | M36: M261A | N36: Klamath Mountains | O36: 668.65211 | P36: 180102080206 | Q36: Clark Creek-Scott River | R36: =O36/$X$4 -> 0.15359312 | S36: =G36*R36 -> 0.30718624 | T36: =H36*R36 -> 0 | U36: =L36*R36 -> 0.15359312
A37: 174 | B37: 3325 | C37: 1 | D37: 0.110345 | E37: 2 | F37: 0.037713 | G37: 4 | H37: 0 | I37: 0 | J37: 2 | K37: 0 | L37: 2 | M37: M261A | N37: Klamath Mountains | O37: 664.72606 | P37: 180102080206 | Q37: Clark Creek-Scott River | R37: =O37/$X$4 -> 0.15269129 | S37: =G37*R37 -> 0.61076515 | T37: =H37*R37 -> 0 | U37: =L37*R37 -> 0.30538258
A38: 192 | B38: 3542 | C38: 1 | D38: 0.103448 | E38: 2 | F38: 0.041399 | G38: 2 | H38: 0 | I38: 0 | J38: 1 | K38: 1 | L38: 0 | M38: M261A | N38: Klamath Mountains | O38: 246.29179 | P38: 180102080206 | Q38: Clark Creek-Scott River | R38: =O38/$X$4 -> 0.056574598 | S38: =G38*R38 -> 0.1131492 | T38: =H38*R38 -> 0 | U38: =L38*R38 -> 0
A39: 293 | B39: 3688 | C39: 1 | D39: 0.103448 | E39: 2 | F39: 0.041399 | G39: 2 | H39: 0 | I39: 0 | J39: 1 | K39: 1 | L39: 0 | M39: M261A | N39: Klamath Mountains | O39: 454.76286 | P39: 180102080206 | Q39: Clark Creek-Scott River | R39: =O39/$X$4 -> 0.10446157 | S39: =G39*R39 -> 0.20892314 | T39: =H39*R39 -> 0 | U39: =L39*R39 -> 0
A40: 307 | B40: 3761 | C40: 2 | D40: 0.2 | E40: 4 | F40: 0.122178 | G40: 3 | H40: 2 | I40: 0 | J40: 1 | K40: 0 | L40: 0 | M40: M261A | N40: Klamath Mountains | O40: 72.320078 | P40: 180102080206 | Q40: Clark Creek-Scott River | R40: =O40/$X$4 -> 0.016612326 | S40: =G40*R40 -> 0.049836977 | T40: =H40*R40 -> 0.033224652 | U40: =L40*R40 -> 0
A41: 428 | B41: 3617 | C41: 4 | D41: 0.344828 | E41: 3 | F41: 0.08953 | G41: 4 | H41: 0 | I41: 1 | J41: 2 | K41: 1 | L41: 0 | M41: M261A | N41: Klamath Mountains | O41: 27.502766 | P41: 180102080206 | Q41: Clark Creek-Scott River | R41: =O41/$X$4 -> 0.0063175389 | S41: =G41*R41 -> 0.025270156 | T41: =H41*R41 -> 0 | U41: =L41*R41 -> 0
A42: 454 | B42: 3616 | C42: 2 | D42: 0.137931 | E42: 2 | F42: 0.052506 | G42: 3 | H42: 0 | I42: 0 | J42: 2 | K42: 1 | L42: 0 | M42: M261A | N42: Klamath Mountains | O42: 812.85844 | P42: 180102080206 | Q42: Clark Creek-Scott River | R42: =O42/$X$4 -> 0.18671812 | S42: =G42*R42 -> 0.56015436 | T42: =H42*R42 -> 0 | U42: =L42*R42 -> 0
A43: 488 | B43: 3615 | C43: 2 | D43: 0.186207 | E43: 3 | F43: 0.096935 | G43: 3 | H43: 1 | I43: 0 | J43: 1 | K43: 1 | L43: 0 | M43: M261A | N43: Klamath Mountains | O43: 349.78733 | P43: 180102080206 | Q43: Clark Creek-Scott River | R43: =O43/$X$4 -> 0.080348104 | S43: =G43*R43 -> 0.24104431 | T43: =H43*R43 -> 0.080348104 | U43: =L43*R43 -> 0
A44: 534 | B44: 3471 | C44: 1 | D44: 0.110345 | E44: 2 | F44: 0.037713 | G44: 4 | H44: 0 | I44: 0 | J44: 2 | K44: 0 | L44: 2 | M44: M261A | N44: Klamath Mountains | O44: 591.71543 | P44: 180102080206 | Q44: Clark Creek-Scott River | R44: =O44/$X$4 -> 0.13592034 | S44: =G44*R44 -> 0.54368135 | T44: =H44*R44 -> 0 | U44: =L44*R44 -> 0.27184068
A45: 548 | B45: 3544 | C45: 1 | D45: 0.068966 | E45: 1 | F45: 0.022214 | G45: 2 | H45: 0 | I45: 0 | J45: 2 | K45: 0 | L45: 0 | M45: M261A | N45: Klamath Mountains | O45: 135.78187 | P45: 180102080206 | Q45: Clark Creek-Scott River | R45: =O45/$X$4 -> 0.031189853 | S45: =G45*R45 -> 0.062379705 | T45: =H45*R45 -> 0 | U45: =L45*R45 -> 0
A46: 4 | B46: 3470 | C46: 2 | D46: 0.2 | E46: 3 | F46: 0.075754 | G46: 6 | H46: 0 | I46: 0 | J46: 2 | K46: 1 | L46: 3 | M46: M261A | N46: Klamath Mountains | O46: 492.50607 | P46: 180102080205 | Q46: Etna Creek | R46: =O46/$X$5 -> 0.032401969 | S46: =G46*R46 -> 0.19441181 | T46: =H46*R46 -> 0 | U46: =L46*R46 -> 0.097205906
A47: 10 | B47: 3394 | C47: 1 | D47: 0.082759 | E47: 2 | F47: 0.055536 | G47: 1 | H47: 1 | I47: 0 | J47: 0 | K47: 0 | L47: 0 | M47: M261A | N47: Klamath Mountains | O47: 146.78038 | P47: 180102080205 | Q47: Etna Creek | R47: =O47/$X$5 -> 0.0096566792 | S47: =G47*R47 -> 0.0096566792 | T47: =H47*R47 -> 0.0096566792 | U47: =L47*R47 -> 0
A48: 13 | B48: 3250 | C48: 4 | D48: 0.337931 | E48: 4 | F48: 0.112104 | G48: 11 | H48: 0 | I48: 0 | J48: 8 | K48: 0 | L48: 3 | M48: M261A | N48: Klamath Mountains | O48: 12.739836 | P48: 180102080205 | Q48: Etna Creek | R48: =O48/$X$5 -> 0.00083815369 | S48: =G48*R48 -> 0.0092196906 | T48: =H48*R48 -> 0 | U48: =L48*R48 -> 0.0025144611
A49: 59 | B49: 3541 | C49: 1 | D49: 0.103448 | E49: 2 | F49: 0.041399 | G49: 2 | H49: 0 | I49: 0 | J49: 1 | K49: 1 | L49: 0 | M49: M261A | N49: Klamath Mountains | O49: 1599.9932 | P49: 180102080205 | Q49: Etna Creek | R49: =O49/$X$5 -> 0.10526353 | S49: =G49*R49 -> 0.21052707 | T49: =H49*R49 -> 0 | U49: =L49*R49 -> 0
A50: 148 | B50: 3540 | C50: 0 | D50: 0 | E50: 0 | F50: 0 | G50: 0 | H50: 0 | I50: 0 | J50: 0 | K50: 0 | L50: 0 | M50: M261A | N50: Klamath Mountains | O50: 644.28898 | P50: 180102080205 | Q50: Etna Creek | R50: =O50/$X$5 -> 0.042387764 | S50: =G50*R50 -> 0 | T50: =H50*R50 -> 0 | U50: =L50*R50 -> 0
A51: 161 | B51: 3469 | C51: 2 | D51: 0.137931 | E51: 2 | F51: 0.052506 | G51: 3 | H51: 0 | I51: 0 | J51: 2 | K51: 1 | L51: 0 | M51: M261A | N51: Klamath Mountains | O51: 1599.9879 | P51: 180102080205 | Q51: Etna Creek | R51: =O51/$X$5 -> 0.10526319 | S51: =G51*R51 -> 0.31578956 | T51: =H51*R51 -> 0 | U51: =L51*R51 -> 0
A52: 185 | B52: 3614 | C52: 2 | D52: 0.137931 | E52: 2 | F52: 0.052506 | G52: 3 | H52: 0 | I52: 0 | J52: 2 | K52: 1 | L52: 0 | M52: M261A | N52: Klamath Mountains | O52: 716.5351 | P52: 180102080205 | Q52: Etna Creek | R52: =O52/$X$5 -> 0.047140836 | S52: =G52*R52 -> 0.14142251 | T52: =H52*R52 -> 0 | U52: =L52*R52 -> 0
A53: 193 | B53: 3542 | C53: 1 | D53: 0.103448 | E53: 2 | F53: 0.041399 | G53: 2 | H53: 0 | I53: 0 | J53: 1 | K53: 1 | L53: 0 | M53: M261A | N53: Klamath Mountains | O53: 1353.7014 | P53: 180102080205 | Q53: Etna Creek | R53: =O53/$X$5 -> 0.089059999 | S53: =G53*R53 -> 0.17812 | T53: =H53*R53 -> 0 | U53: =L53*R53 -> 0
A54: 221 | B54: 3687 | C54: 3 | D54: 0.268966 | E54: 4 | F54: 0.15247 | G54: 4 | H54: 2 | I54: 0 | J54: 1 | K54: 1 | L54: 0 | M54: M261A | N54: Klamath Mountains | O54: 1038.1361 | P54: 180102080205 | Q54: Etna Creek | R54: =O54/$X$5 -> 0.068298962 | S54: =G54*R54 -> 0.27319585 | T54: =H54*R54 -> 0.13659792 | U54: =L54*R54 -> 0
A55: 224 | B55: 3323 | C55: 2 | D55: 0.137931 | E55: 2 | F55: 0.052506 | G55: 3 | H55: 0 | I55: 0 | J55: 2 | K55: 1 | L55: 0 | M55: M261A | N55: Klamath Mountains | O55: 494.38519 | P55: 180102080205 | Q55: Etna Creek | R55: =O55/$X$5 -> 0.032525596 | S55: =G55*R55 -> 0.097576787 | T55: =H55*R55 -> 0 | U55: =L55*R55 -> 0
A56: 269 | B56: 3249 | C56: 1 | D56: 0.117241 | E56: 3 | F56: 0.066643 | G56: 2 | H56: 1 | I56: 0 | J56: 1 | K56: 0 | L56: 0 | M56: M261A | N56: Klamath Mountains | O56: 5.9944429 | P56: 180102080205 | Q56: Etna Creek | R56: =O56/$X$5 -> 0.00039437433 | S56: =G56*R56 -> 0.00078874866 | T56: =H56*R56 -> 0.00039437433 | U56: =L56*R56 -> 0
A57: 294 | B57: 3688 | C57: 1 | D57: 0.103448 | E57: 2 | F57: 0.041399 | G57: 2 | H57: 0 | I57: 0 | J57: 1 | K57: 1 | L57: 0 | M57: M261A | N57: Klamath Mountains | O57: 1.9996173 | P57: 180102080205 | Q57: Etna Creek | R57: =O57/$X$5 -> 0.0001315548 | S57: =G57*R57 -> 0.0002631096 | T57: =H57*R57 -> 0 | U57: =L57*R57 -> 0
... A66: 492 | B66: 3324 | C66: 2 | D66: 0.165517 | E66: 2 | F66: 0.056569 | G66: 6 | H66: 0 | I66: 0 | J66: 3 | K66: 0 | L66: 3 | M66: M261A | N66: Klamath Mountains | O66: 99.18164 | P66: 180102080205 | Q66: Etna Creek | R66: =O66/$X$5 -> 0.006525159 | S66: =G66*R66 -> 0.039150954 | T66: =H66*R66 -> 0 | U66: =L66*R66 -> 0.019575477
A67: 12 | B67: 3834 | C67: 4 | D67: 0.372414 | E67: 5 | F67: 0.215755 | G67: 6 | H67: 3 | I67: 0 | J67: 1 | K67: 1 | L67: 1 | M67: M261A | N67: Klamath Mountains | O67: 165.60604 | P67: 180102080203 | Q67: French Creek | R67: =O67/$X$6 -> 0.0086519411 | S67: =G67*R67 -> 0.051911647 | T67: =H67*R67 -> 0.025955823 | U67: =L67*R67 -> 0.0086519411
A68: 133 | B68: 3910 | C68: 1 | D68: 0.096552 | E68: 2 | F68: 0.034355 | G68: 4 | H68: 0 | I68: 0 | J68: 1 | K68: 0 | L68: 3 | M68: M261A | N68: Klamath Mountains | O68: 4.7462278 | P68: 180102080203 | Q68: French Creek | R68: =O68/$X$6 -> 0.00024796248 | S68: =G68*R68 -> 0.0009918499 | T68: =H68*R68 -> 0 | U68: =L68*R68 -> 0.00074388743
A69: 146 | B69: 4056 | C69: 2 | D69: 0.193103 | E69: 3 | F69: 0.093248 | G69: 5 | H69: 1 | I69: 0 | J69: 2 | K69: 0 | L69: 2 | M69: M261A | N69: Klamath Mountains | O69: 1223.3719 | P69: 180102080203 | Q69: French Creek | R69: =O69/$X$6 -> 0.063913981 | S69: =G69*R69 -> 0.3195699 | T69: =H69*R69 -> 0.063913981 | U69: =L69*R69 -> 0.12782796
A70: 164 | B70: 4129 | C70: 5 | D70: 0.544828 | E70: 5 | F70: 0.2986 | G70: 13 | H70: 4 | I70: 0 | J70: 2 | K70: 0 | L70: 7 | M70: M261A | N70: Klamath Mountains | O70: 1277.7987 | P70: 180102080203 | Q70: French Creek | R70: =O70/$X$6 -> 0.066757465 | S70: =G70*R70 -> 0.86784705 | T70: =H70*R70 -> 0.26702986 | U70: =L70*R70 -> 0.46730226
A71: 170 | B71: 3689 | C71: 4 | D71: 0.37931 | E71: 4 | F71: 0.100637 | G71: 5 | H71: 0 | I71: 1 | J71: 3 | K71: 1 | L71: 0 | M71: M261A | N71: Klamath Mountains | O71: 187.37756 | P71: 180102080203 | Q71: French Creek | R71: =O71/$X$6 -> 0.009789375 | S71: =G71*R71 -> 0.048946875 | T71: =H71*R71 -> 0 | U71: =L71*R71 -> 0
A72: 208 | B72: 4202 | C72: 5 | D72: 0.489655 | E72: 5 | F72: 0.279744 | G72: 11 | H72: 4 | I72: 0 | J72: 1 | K72: 0 | L72: 6 | M72: M261A | N72: Klamath Mountains | O72: 944.64657 | P72: 180102080203 | Q72: French Creek | R72: =O72/$X$6 -> 0.049352225 | S72: =G72*R72 -> 0.54287447 | T72: =H72*R72 -> 0.1974089 | U72: =L72*R72 -> 0.29611335
A73: 220 | B73: 3687 | C73: 3 | D73: 0.268966 | E73: 4 | F73: 0.15247 | G73: 4 | H73: 2 | I73: 0 | J73: 1 | K73: 1 | L73: 0 | M73: M261A | N73: Klamath Mountains | O73: 4.8031221 | P73: 180102080203 | Q73: French Creek | R73: =O73/$X$6 -> 0.00025093487 | S73: =G73*R73 -> 0.0010037395 | T73: =H73*R73 -> 0.00050186973 | U73: =L73*R73 -> 0
A74: 249 | B74: 3835 | C74: 4 | D74: 0.324138 | E74: 5 | F74: 0.171327 | G74: 6 | H74: 2 | I74: 0 | J74: 2 | K74: 1 | L74: 1 | M74: M261A | N74: Klamath Mountains | O74: 1599.9932 | P74: 180102080203 | Q74: French Creek | R74: =O74/$X$6 -> 0.083590229 | S74: =G74*R74 -> 0.50154137 | T74: =H74*R74 -> 0.16718046 | U74: =L74*R74 -> 0.083590229
A75: 274 | B75: 3982 | C75: 5 | D75: 0.510345 | E75: 5 | F75: 0.265608 | G75: 12 | H75: 3 | I75: 0 | J75: 2 | K75: 1 | L75: 6 | M75: M261A | N75: Klamath Mountains | O75: 1599.9932 | P75: 180102080203 | Q75: French Creek | R75: =O75/$X$6 -> 0.083590232 | S75: =G75*R75 -> 1.0030828 | T75: =H75*R75 -> 0.2507707 | U75: =L75*R75 -> 0.50154139
A76: 292 | B76: 3688 | C76: 1 | D76: 0.103448 | E76: 2 | F76: 0.041399 | G76: 2 | H76: 0 | I76: 0 | J76: 1 | K76: 1 | L76: 0 | M76: M261A | N76: Klamath Mountains | O76: 1143.2308 | P76: 180102080203 | Q76: French Creek | R76: =O76/$X$6 -> 0.05972708 | S76: =G76*R76 -> 0.11945416 | T76: =H76*R76 -> 0 | U76: =L76*R76 -> 0
A77: 296 | B77: 3836 | C77: 1 | D77: 0.068966 | E77: 1 | F77: 0.022214 | G77: 2 | H77: 0 | I77: 0 | J77: 2 | K77: 0 | L77: 0 | M77: M261A | N77: Klamath Mountains | O77: 1157.1792 | P77: 180102080203 | Q77: French Creek | R77: =O77/$X$6 -> 0.060455804 | S77: =G77*R77 -> 0.12091161 | T77: =H77*R77 -> 0 | U77: =L77*R77 -> 0
A78: 306 | B78: 3761 | C78: 2 | D78: 0.2 | E78: 4 | F78: 0.122178 | G78: 3 | H78: 2 | I78: 0 | J78: 1 | K78: 0 | L78: 0 | M78: M261A | N78: Klamath Mountains | O78: 1399.5023 | P78: 180102080203 | Q78: French Creek | R78: =O78/$X$6 -> 0.073115763 | S78: =G78*R78 -> 0.21934729 | T78: =H78*R78 -> 0.14623153 | U78: =L78*R78 -> 0
... A88: 513 | B88: 4128 | C88: 5 | D88: 0.524138 | E88: 5 | F88: 0.290851 | G88: 12 | H88: 4 | I88: 0 | J88: 2 | K88: 0 | L88: 6 | M88: M261A | N88: Klamath Mountains | O88: 291.97771 | P88: 180102080203 | Q88: French Creek | R88: =O88/$X$6 -> 0.015254117 | S88: =G88*R88 -> 0.18304941 | T88: =H88*R88 -> 0.061016469 | U88: =L88*R88 -> 0.091524703
A89: 48 | B89: 3253 | C89: 0 | D89: 0 | E89: 0 | F89: 0 | G89: 0 | H89: 0 | I89: 0 | J89: 0 | K89: 0 | L89: 0 | M89: M261A | N89: Klamath Mountains | O89: 488.97492 | P89: 180102080403 | Q89: Hamlin Gulch-Scott River | R89: =O89/$X$7 -> 0.033208673 | S89: =G89*R89 -> 0 | T89: =H89*R89 -> 0 | U89: =L89*R89 -> 0
A90: 94 | B90: 2522 | C90: 4 | D90: 0.296552 | E90: 3 | F90: 0.066987 | G90: 4 | H90: 0 | I90: 1 | J90: 2 | K90: 0 | L90: 1 | M90: M261A | N90: Klamath Mountains | O90: 1014.9327 | P90: 180102080403 | Q90: Hamlin Gulch-Scott River | R90: =O90/$X$7 -> 0.068929033 | S90: =G90*R90 -> 0.27571613 | T90: =H90*R90 -> 0 | U90: =L90*R90 -> 0.068929033
A91: 97 | B91: 3252 | C91: 1 | D91: 0.110345 | E91: 2 | F91: 0.037713 | G91: 4 | H91: 0 | I91: 0 | J91: 2 | K91: 0 | L91: 2 | M91: M261A | N91: Klamath Mountains | O91: 1082.772 | P91: 180102080403 | Q91: Hamlin Gulch-Scott River | R91: =O91/$X$7 -> 0.073536331 | S91: =G91*R91 -> 0.29414532 | T91: =H91*R91 -> 0 | U91: =L91*R91 -> 0.14707266
A92: 100 | B92: 2815 | C92: 1 | D92: 0.034483 | E92: 1 | F92: 0.011107 | G92: 1 | H92: 0 | I92: 0 | J92: 1 | K92: 0 | L92: 0 | M92: M261A | N92: Klamath Mountains | O92: 318.74342 | P92: 180102080403 | Q92: Hamlin Gulch-Scott River | R92: =O92/$X$7 -> 0.021647421 | S92: =G92*R92 -> 0.021647421 | T92: =H92*R92 -> 0 | U92: =L92*R92 -> 0
A93: 122 | B93: 2597 | C93: 1 | D93: 0.055172 | E93: 1 | F93: 0.018856 | G93: 2 | H93: 0 | I93: 0 | J93: 1 | K93: 0 | L93: 1 | M93: M261A | N93: Klamath Mountains | O93: 466.28996 | P93: 180102080403 | Q93: Hamlin Gulch-Scott River | R93: =O93/$X$7 -> 0.031668027 | S93: =G93*R93 -> 0.063336053 | T93: =H93*R93 -> 0 | U93: =L93*R93 -> 0.031668027
A94: 153 | B94: 3398 | C94: 1 | D94: 0.055172 | E94: 1 | F94: 0.018856 | G94: 2 | H94: 0 | I94: 0 | J94: 1 | K94: 0 | L94: 1 | M94: M261A | N94: Klamath Mountains | O94: 106.09222 | P94: 180102080403 | Q94: Hamlin Gulch-Scott River | R94: =O94/$X$7 -> 0.0072052401 | S94: =G94*R94 -> 0.01441048 | T94: =H94*R94 -> 0 | U94: =L94*R94 -> 0.0072052401
A95: 176 | B95: 2888 | C95: 0 | D95: 0 | E95: 0 | F95: 0 | G95: 0 | H95: 0 | I95: 0 | J95: 0 | K95: 0 | L95: 0 | M95: M261A | N95: Klamath Mountains | O95: 1220.4257 | P95: 180102080403 | Q95: Hamlin Gulch-Scott River | R95: =O95/$X$7 -> 0.082885063 | S95: =G95*R95 -> 0 | T95: =H95*R95 -> 0 | U95: =L95*R95 -> 0
A96: 194 | B96: 3180 | C96: 1 | D96: 0.089655 | E96: 1 | F96: 0.029963 | G96: 3 | H96: 0 | I96: 0 | J96: 2 | K96: 0 | L96: 1 | M96: M261A | N96: Klamath Mountains | O96: 1061.076 | P96: 180102080403 | Q96: Hamlin Gulch-Scott River | R96: =O96/$X$7 -> 0.072062849 | S96: =G96*R96 -> 0.21618855 | T96: =H96*R96 -> 0 | U96: =L96*R96 -> 0.072062849
A97: 198 | B97: 2669 | C97: 1 | D97: 0.034483 | E97: 1 | F97: 0.011107 | G97: 1 | H97: 0 | I97: 0 | J97: 1 | K97: 0 | L97: 0 | M97: M261A | N97: Klamath Mountains | O97: 1330.6765 | P97: 180102080403 | Q97: Hamlin Gulch-Scott River | R97: =O97/$X$7 -> 0.090372733 | S97: =G97*R97 -> 0.090372733 | T97: =H97*R97 -> 0 | U97: =L97*R97 -> 0
A98: 243 | B98: 3107 | C98: 1 | D98: 0.034483 | E98: 1 | F98: 0.011107 | G98: 1 | H98: 0 | I98: 0 | J98: 1 | K98: 0 | L98: 0 | M98: M261A | N98: Klamath Mountains | O98: 641.55331 | P98: 180102080403 | Q98: Hamlin Gulch-Scott River | R98: =O98/$X$7 -> 0.043571016 | S98: =G98*R98 -> 0.043571016 | T98: =H98*R98 -> 0 | U98: =L98*R98 -> 0
A99: 251 | B99: 2887 | C99: 1 | D99: 0.068966 | E99: 1 | F99: 0.022214 | G99: 2 | H99: 0 | I99: 0 | J99: 2 | K99: 0 | L99: 0 | M99: M261A | N99: Klamath Mountains | O99: 263.50207 | P99: 180102080403 | Q99: Hamlin Gulch-Scott River | R99: =O99/$X$7 -> 0.017895711 | S99: =G99*R99 -> 0.035791423 | T99: =H99*R99 -> 0 | U99: =L99*R99 -> 0
A100: 264 | B100: 2376 | C100: 1 | D100: 0.055172 | E100: 1 | F100: 0.018856 | G100: 2 | H100: 0 | I100: 0 | J100: 1 | K100: 0 | L100: 1 | M100: M261A | N100: Klamath Mountains | O100: 156.09165 | P100: 180102080403 | Q100: Hamlin Gulch-Scott River | R100: =O100/$X$7 -> 0.010600946 | S100: =G100*R100 -> 0.021201892 | T100: =H100*R100 -> 0 | U100: =L100*R100 -> 0.010600946
... A116: 550 | B116: 2960 | C116: 2 | D116: 0.124138 | E116: 2 | F116: 0.04107 | G116: 4 | H116: 0 | I116: 0 | J116: 3 | K116: 0 | L116: 1 | M116: M261A | N116: Klamath Mountains | O116: 1055.5887 | P116: 180102080403 | Q116: Hamlin Gulch-Scott River | R116: =O116/$X$7 -> 0.071690179 | S116: =G116*R116 -> 0.28676071 | T116: =H116*R116 -> 0 | U116: =L116*R116 -> 0.071690179
A117: 19 | B117: 1934 | C117: 1 | D117: 0.103448 | E117: 2 | F117: 0.041399 | G117: 2 | H117: 0 | I117: 0 | J117: 1 | K117: 1 | L117: 0 | M117: M261A | N117: Klamath Mountains | O117: 873.96648 | P117: 180102080501 | Q117: Indian Creek | R117: =O117/$X$8 -> 0.078971839 | S117: =G117*R117 -> 0.15794368 | T117: =H117*R117 -> 0 | U117: =L117*R117 -> 0
A118: 30 | B118: 2302 | C118: 1 | D118: 0.089655 | E118: 1 | F118: 0.029963 | G118: 3 | H118: 0 | I118: 0 | J118: 2 | K118: 0 | L118: 1 | M118: M261A | N118: Klamath Mountains | O118: 57.364405 | P118: 180102080501 | Q118: Indian Creek | R118: =O118/$X$8 -> 0.0051834626 | S118: =G118*R118 -> 0.015550388 | T118: =H118*R118 -> 0 | U118: =L118*R118 -> 0.0051834626
A119: 36 | B119: 2081 | C119: 1 | D119: 0.103448 | E119: 2 | F119: 0.041399 | G119: 2 | H119: 0 | I119: 0 | J119: 1 | K119: 1 | L119: 0 | M119: M261A | N119: Klamath Mountains | O119: 496.02846 | P119: 180102080501 | Q119: Indian Creek | R119: =O119/$X$8 -> 0.044821261 | S119: =G119*R119 -> 0.089642522 | T119: =H119*R119 -> 0 | U119: =L119*R119 -> 0
A120: 156 | B120: 1713 | C120: 1 | D120: 0.055172 | E120: 1 | F120: 0.018856 | G120: 2 | H120: 0 | I120: 0 | J120: 1 | K120: 0 | L120: 1 | M120: M261A | N120: Klamath Mountains | O120: 1599.413 | P120: 180102080501 | Q120: Indian Creek | R120: =O120/$X$8 -> 0.14452338 | S120: =G120*R120 -> 0.28904676 | T120: =H120*R120 -> 0 | U120: =L120*R120 -> 0.14452338
A121: 200 | B121: 1712 | C121: 3 | D121: 0.241379 | E121: 4 | F121: 0.115791 | G121: 5 | H121: 1 | I121: 0 | J121: 2 | K121: 1 | L121: 1 | M121: M261A | N121: Klamath Mountains | O121: 218.86898 | P121: 180102080501 | Q121: Indian Creek | R121: =O121/$X$8 -> 0.019777058 | S121: =G121*R121 -> 0.098885292 | T121: =H121*R121 -> 0.019777058 | U121: =L121*R121 -> 0.019777058
A122: 254 | B122: 2155 | C122: 1 | D122: 0.068966 | E122: 1 | F122: 0.022214 | G122: 2 | H122: 0 | I122: 0 | J122: 2 | K122: 0 | L122: 0 | M122: M261A | N122: Klamath Mountains | O122: 794.67906 | P122: 180102080501 | Q122: Indian Creek | R122: =O122/$X$8 -> 0.071807407 | S122: =G122*R122 -> 0.14361481 | T122: =H122*R122 -> 0 | U122: =L122*R122 -> 0
A123: 282 | B123: 1861 | C123: 2 | D123: 0.158621 | E123: 3 | F123: 0.060255 | G123: 4 | H123: 0 | I123: 0 | J123: 2 | K123: 1 | L123: 1 | M123: M261A | N123: Klamath Mountains | O123: 1599.6003 | P123: 180102080501 | Q123: Indian Creek | R123: =O123/$X$8 -> 0.1445403 | S123: =G123*R123 -> 0.57816118 | T123: =H123*R123 -> 0 | U123: =L123*R123 -> 0.1445403
A124: 343 | B124: 1639 | C124: 2 | D124: 0.17931 | E124: 3 | F124: 0.068005 | G124: 5 | H124: 0 | I124: 0 | J124: 2 | K124: 1 | L124: 2 | M124: M261A | N124: Klamath Mountains | O124: 289.14502 | P124: 180102080501 | Q124: Indian Creek | R124: =O124/$X$8 -> 0.026127219 | S124: =G124*R124 -> 0.1306361 | T124: =H124*R124 -> 0 | U124: =L124*R124 -> 0.052254439
A125: 367 | B125: 1935 | C125: 2 | D125: 0.144828 | E125: 2 | F125: 0.04882 | G125: 5 | H125: 0 | I125: 0 | J125: 3 | K125: 0 | L125: 2 | M125: M261A | N125: Klamath Mountains | O125: 110.22109 | P125: 180102080501 | Q125: Indian Creek | R125: =O125/$X$8 -> 0.0099596062 | S125: =G125*R125 -> 0.049798031 | T125: =H125*R125 -> 0 | U125: =L125*R125 -> 0.019919212
A126: 373 | B126: 1638 | C126: 3 | D126: 0.206897 | E126: 4 | F126: 0.104684 | G126: 4 | H126: 1 | I126: 0 | J126: 1 | K126: 1 | L126: 1 | M126: M261A | N126: Klamath Mountains | O126: 499.72388 | P126: 180102080501 | Q126: Indian Creek | R126: =O126/$X$8 -> 0.04515518 | S126: =G126*R126 -> 0.18062072 | T126: =H126*R126 -> 0.04515518 | U126: =L126*R126 -> 0.04515518
A127: 376 | B127: 2228 | C127: 1 | D127: 0.068966 | E127: 1 | F127: 0.022214 | G127: 2 | H127: 0 | I127: 0 | J127: 2 | K127: 0 | L127: 0 | M127: M261A | N127: Klamath Mountains | O127: 575.92978 | P127: 180102080501 | Q127: Indian Creek | R127: =O127/$X$8 -> 0.052041165 | S127: =G127*R127 -> 0.10408233 | T127: =H127*R127 -> 0 | U127: =L127*R127 -> 0
A128: 377 | B128: 1565 | C128: 3 | D128: 0.227586 | E128: 4 | F128: 0.112433 | G128: 5 | H128: 1 | I128: 0 | J128: 1 | K128: 1 | L128: 2 | M128: M261A | N128: Klamath Mountains | O128: 591.8807 | P128: 180102080501 | Q128: Indian Creek | R128: =O128/$X$8 -> 0.053482494 | S128: =G128*R128 -> 0.26741247 | T128: =H128*R128 -> 0.053482494 | U128: =L128*R128 -> 0.10696499
... A132: 537 | B132: 1860 | C132: 2 | D132: 0.137931 | E132: 2 | F132: 0.052506 | G132: 3 | H132: 0 | I132: 0 | J132: 2 | K132: 1 | L132: 0 | M132: M261A | N132: Klamath Mountains | O132: 244.24009 | P132: 180102080501 | Q132: Indian Creek | R132: =O132/$X$8 -> 0.022069598 | S132: =G132*R132 -> 0.066208794 | T132: =H132*R132 -> 0 | U132: =L132*R132 -> 0
A133: 65 | B133: 2515 | C133: 4 | D133: 0.310345 | E133: 4 | F133: 0.14343 | G133: 9 | H133: 1 | I133: 0 | J133: 1 | K133: 1 | L133: 6 | M133: M261A | N133: Klamath Mountains | O133: 49.228956 | P133: 180102080603 | Q133: Kelsey Creek | R133: =O133/$X$9 -> 0.0043241258 | S133: =G133*R133 -> 0.038917132 | T133: =H133*R133 -> 0.0043241258 | U133: =L133*R133 -> 0.025944755
A134: 132 | B134: 2369 | C134: 2 | D134: 0.144828 | E134: 3 | F134: 0.078783 | G134: 4 | H134: 1 | I134: 0 | J134: 0 | K134: 0 | L134: 3 | M134: M261A | N134: Klamath Mountains | O134: 704.66131 | P134: 180102080603 | Q134: Kelsey Creek | R134: =O134/$X$9 -> 0.061895364 | S134: =G134*R134 -> 0.24758146 | T134: =H134*R134 -> 0.061895364 | U134: =L134*R134 -> 0.18568609
A135: 135 | B135: 2076 | C135: 2 | D135: 0.151724 | E135: 3 | F135: 0.07775 | G135: 3 | H135: 1 | I135: 0 | J135: 2 | K135: 0 | L135: 0 | M135: M261A | N135: Klamath Mountains | O135: 1239.5146 | P135: 180102080603 | Q135: Kelsey Creek | R135: =O135/$X$9 -> 0.10887529 | S135: =G135*R135 -> 0.32662587 | T135: =H135*R135 -> 0.10887529 | U135: =L135*R135 -> 0
A136: 196 | B136: 2296 | C136: 3 | D136: 0.262069 | E136: 4 | F136: 0.145426 | G136: 6 | H136: 2 | I136: 0 | J136: 1 | K136: 0 | L136: 3 | M136: M261A | N136: Klamath Mountains | O136: 1600.0037 | P136: 180102080603 | Q136: Kelsey Creek | R136: =O136/$X$9 -> 0.14053959 | S136: =G136*R136 -> 0.84323756 | T136: =H136*R136 -> 0.28107919 | U136: =L136*R136 -> 0.42161878
A137: 233 | B137: 2443 | C137: 4 | D137: 0.351724 | E137: 5 | F137: 0.183467 | G137: 8 | H137: 2 | I137: 0 | J137: 1 | K137: 1 | L137: 4 | M137: M261A | N137: Klamath Mountains | O137: 959.34695 | P137: 180102080603 | Q137: Kelsey Creek | R137: =O137/$X$9 -> 0.084266196 | S137: =G137*R137 -> 0.67412957 | T137: =H137*R137 -> 0.16853239 | U137: =L137*R137 -> 0.33706479
...

Sheet Pivot Table TerrRareSpp
A2: HU_12_NAME | B2: SUM of Acres | C2: SUM of RareCountAveByArea | D2: SUM of RareAmphAveByArea | E2: SUM of RarePlantAveByArea
A3: Boulder Creek-Scott River | B3: 12839.374 | C3: 7.4028319 | D3: 1.3531287 | E3: 1.6780317
A4: Canyon Creek | B4: 15834.417 | C4: 7.9576799 | D4: 1.9849958 | E4: 3.6389547
A5: Clark Creek-Scott River | B5: 4353.3988 | C5: 3.1435936 | D5: 0.11357276 | E5: 0.94141786
A6: Etna Creek | B6: 15199.881 | C6: 2.782797 | D6: 0.31071744 | E6: 0.42448346
A7: French Creek | B7: 19140.911 | C7: 6.7279751 | D7: 1.9802349 | E7: 2.6640403
A8: Hamlin Gulch-Scott River | B8: 14724.314 | C8: 2.2402015 | D8: 0 | E8: 0.68635705
A9: Indian Creek | B9: 11066.812 | C9: 2.9250172 | D9: 0.11841473 | E9: 0.72865204
A10: Kelsey Creek | B10: 11384.719 | C10: 4.6626454 | D10: 1.5011968 | E10: 1.4185415
A11: Kidder Creek | B11: 15850.224 | C11: 3.161369 | D11: 0.90176413 | E11: 0.62774109
A12: Lower East Fork Scott River | B12: 19088.768 | C12: 10.603879 | D12: 1.3866773 | E12: 5.7670778
A13: Lower Moffett Creek | B13: 24981.248 | C13: 2.7954061 | D13: 0.0027404052 | E13: 1.5036736
A14: McAdam Creek | B14: 16055.997 | C14: 4.4420195 | D14: 0.0030730321 | E14: 1.9082796
... A28: Grand Total | B28: 431762.68 | C28: 117.72576 | D28: 19.499383 | E28: 39.114638

Sheet Climate & Connectivity
A1: Hex_ID | B1: CLIM_RANK | C1: Connectivity_rank | D1: Acres | E1: HUC_12 | F1: HU_12_NAME | G1: %area of HUC12 clip | H1: ClimRankAve ByArea | I1: ConnRankAveByArea | K1: HU_12_NAME | L1: SUM of Acres
A2: 2004 | B2: 5 | C2: 3 | D2: 203.49007 | E2: 180102080602 | F2: Boulder Creek-Scott River | G2: =D2/$L$2 -> 0.015848909 | H2: =B2*G2 -> 0.079244544 | I2: =C2*G2 -> 0.047546726 | K2: Boulder Creek-Scott River | L2: 12839.374
A3: 2005 | B3: 5 | C3: 3 | D3: 343.63054 | E3: 180102080602 | F3: Boulder Creek-Scott River | G3: =D3/$L$2 -> 0.026763808 | H3: =B3*G3 -> 0.13381904 | I3: =C3*G3 -> 0.080291423 | K3: Canyon Creek | L3: 15834.417
A4: 2077 | B4: 4 | C4: 3 | D4: 99.693113 | E4: 180102080602 | F4: Boulder Creek-Scott River | G4: =D4/$L$2 -> 0.0077646396 | H4: =B4*G4 -> 0.031058558 | I4: =C4*G4 -> 0.023293919 | K4: Clark Creek-Scott River | L4: 4353.3988
A5: 2078 | B5: 5 | C5: 3 | D5: 1526.9458 | E5: 180102080602 | F5: Boulder Creek-Scott River | G5: =D5/$L$2 -> 0.11892681 | H5: =B5*G5 -> 0.59463406 | I5: =C5*G5 -> 0.35678043 | K5: Etna Creek | L5: 15199.881
A6: 2151 | B6: 5 | C6: 3 | D6: 1599.9932 | E6: 180102080602 | F6: Boulder Creek-Scott River | G6: =D6/$L$2 -> 0.12461614 | H6: =B6*G6 -> 0.62308069 | I6: =C6*G6 -> 0.37384841 | K6: French Creek | L6: 19140.911
A7: 2152 | B7: 4 | C7: 3 | D7: 1213.151 | E7: 180102080602 | F7: Boulder Creek-Scott River | G7: =D7/$L$2 -> 0.094486768 | H7: =B7*G7 -> 0.37794707 | I7: =C7*G7 -> 0.28346031 | K7: Hamlin Gulch-Scott River | L7: 14724.314
A8: 2224 | B8: 5 | C8: 1 | D8: 616.1647 | E8: 180102080602 | F8: Boulder Creek-Scott River | G8: =D8/$L$2 -> 0.047990243 | H8: =B8*G8 -> 0.23995122 | I8: =C8*G8 -> 0.047990243 | K8: Indian Creek | L8: 11066.812
A9: 2225 | B9: 5 | C9: 3 | D9: 1599.9932 | E9: 180102080602 | F9: Boulder Creek-Scott River | G9: =D9/$L$2 -> 0.12461614 | H9: =B9*G9 -> 0.62308068 | I9: =C9*G9 -> 0.37384841 | K9: Kelsey Creek | L9: 11384.719
A10: 2298 | B10: 5 | C10: 2 | D10: 1599.9932 | E10: 180102080602 | F10: Boulder Creek-Scott River | G10: =D10/$L$2 -> 0.12461613 | H10: =B10*G10 -> 0.62308067 | I10: =C10*G10 -> 0.24923227 | K10: Kidder Creek | L10: 15850.224
A11: 2299 | B11: 5 | C11: 3 | D11: 734.72552 | E11: 180102080602 | F11: Boulder Creek-Scott River | G11: =D11/$L$2 -> 0.057224402 | H11: =B11*G11 -> 0.28612201 | I11: =C11*G11 -> 0.17167321 | K11: Lower East Fork Scott River | L11: 19088.768
A12: 2371 | B12: 5 | C12: 3 | D12: 677.94138 | E12: 180102080602 | F12: Boulder Creek-Scott River | G12: =D12/$L$2 -> 0.052801746 | H12: =B12*G12 -> 0.26400873 | I12: =C12*G12 -> 0.15840524 | K12: Lower Moffett Creek | L12: 24981.248
A13: 2372 | B13: 4 | C13: 2 | D13: 896.98507 | E13: 180102080602 | F13: Boulder Creek-Scott River | G13: =D13/$L$2 -> 0.069862055 | H13: =B13*G13 -> 0.27944822 | I13: =C13*G13 -> 0.13972411 | K13: McAdam Creek | L13: 16055.997
... A16: 2591 | B16: 3 | C16: 3 | D16: 123.33829 | E16: 180102080602 | F16: Boulder Creek-Scott River | G16: =D16/$L$2 -> 0.0096062542 | H16: =B16*G16 -> 0.028818762 | I16: =C16*G16 -> 0.028818762 | K16: Noyes Valley Creek | L16: 15047.777
A17: 2224 | B17: 5 | C17: 1 | D17: 310.79349 | E17: 180102080601 | F17: Canyon Creek | G17: =D17/$L$3 -> 0.019627719 | H17: =B17*G17 -> 0.098138595 | I17: =C17*G17 -> 0.019627719 | K17: Oro Fino Creek-Scott River | L17: 11941.297
A18: 2297 | B18: 5 | C18: 3 | D18: 1242.0983 | E18: 180102080601 | F18: Canyon Creek | G18: =D18/$L$3 -> 0.078442944 | H18: =B18*G18 -> 0.39221472 | I18: =C18*G18 -> 0.23532883 | K18: Patterson Creek | L18: 11561.784
A19: 2370 | B19: 4 | C19: 4 | D19: 662.46414 | E19: 180102080601 | F19: Canyon Creek | G19: =D19/$L$3 -> 0.041836976 | H19: =B19*G19 -> 0.1673479 | I19: =C19*G19 -> 0.1673479 | K19: Shackleford Creek | L19: 19512.034
A20: 2371 | B20: 5 | C20: 3 | D20: 922.04658 | E20: 180102080601 | F20: Canyon Creek | G20: =D20/$L$3 -> 0.058230534 | H20: =B20*G20 -> 0.29115267 | I20: =C20*G20 -> 0.1746916 | K20: Sniktaw Creek-Scott River | L20: 9769.7798
A21: 2443 | B21: 4 | C21: 3 | D21: 640.65685 | E21: 180102080601 | F21: Canyon Creek | G21: =D21/$L$3 -> 0.040459768 | H21: =B21*G21 -> 0.16183907 | I21: =C21*G21 -> 0.1213793 | K21: South Fork Scott River | L21: 27974.322
A22: 2444 | B22: 5 | C22: 3 | D22: 1599.9985 | E22: 180102080601 | F22: Canyon Creek | G22: =D22/$L$3 -> 0.10104562 | H22: =B22*G22 -> 0.50522811 | I22: =C22*G22 -> 0.30313686 | K22: Sugar Creek-Scott River | L22: 19645.117
A23: 2515 | B23: 3 | C23: 3 | D23: 346.90863 | E23: 180102080601 | F23: Canyon Creek | G23: =D23/$L$3 -> 0.021908519 | H23: =B23*G23 -> 0.065725556 | I23: =C23*G23 -> 0.065725556 | K23: Tompkins Creek-Scott River | L23: 17634.944
A24: 2516 | B24: 5 | C24: 4 | D24: 1600.0009 | E24: 180102080601 | F24: Canyon Creek | G24: =D24/$L$3 -> 0.10104577 | H24: =B24*G24 -> 0.50522887 | I24: =C24*G24 -> 0.40418309 | K24: Town of Scott Bar-Scott River | L24: 25690.485
A25: 2517 | B25: 4 | C25: 3 | D25: 1267.9606 | E25: 180102080601 | F25: Canyon Creek | G25: =D25/$L$3 -> 0.08007624 | H25: =B25*G25 -> 0.32030496 | I25: =C25*G25 -> 0.24022872 | K25: Upper East Fork Scott River | L25: 34452.298
A26: 2589 | B26: 4 | C26: 3 | D26: 1600.0037 | E26: 180102080601 | F26: Canyon Creek | G26: =D26/$L$3 -> 0.10104595 | H26: =B26*G26 -> 0.4041838 | I26: =C26*G26 -> 0.30313785 | K26: Upper Moffett Creek | L26: 31807.651
A27: 2590 | B27: 4 | C27: 3 | D27: 1599.9985 | E27: 180102080601 | F27: Canyon Creek | G27: =D27/$L$3 -> 0.10104562 | H27: =B27*G27 -> 0.40418247 | I27: =C27*G27 -> 0.30313685
A28: 2661 | B28: 3 | C28: 3 | D28: 395.46575 | E28: 180102080601 | F28: Canyon Creek | G28: =D28/$L$3 -> 0.024975074 | H28: =B28*G28 -> 0.074925223 | I28: =C28*G28 -> 0.074925223
A29: 2662 | B29: 3 | C29: 4 | D29: 1599.9826 | E29: 180102080601 | F29: Canyon Creek | G29: =D29/$L$3 -> 0.10104462 | H29: =B29*G29 -> 0.30313385 | I29: =C29*G29 -> 0.40417847
A30: 2663 | B30: 3 | C30: 3 | D30: 424.57101 | E30: 180102080601 | F30: Canyon Creek | G30: =D30/$L$3 -> 0.026813176 | H30: =B30*G30 -> 0.080439527 | I30: =C30*G30 -> 0.080439527
A31: 2735 | B31: 3 | C31: 4 | D31: 692.242 | E31: 180102080601 | F31: Canyon Creek | G31: =D31/$L$3 -> 0.043717555 | H31: =B31*G31 -> 0.13115266 | I31: =C31*G31 -> 0.17487022
A32: 2736 | B32: 4 | C32: 3 | D32: 775.47667 | E32: 180102080601 | F32: Canyon Creek | G32: =D32/$L$3 -> 0.048974121 | H32: =B32*G32 -> 0.19589648 | I32: =C32*G32 -> 0.14692236
A33: 2808 | B33: 4 | C33: 3 | D33: 153.74895 | E33: 180102080601 | F33: Canyon Creek | G33: =D33/$L$3 -> 0.0097097951 | H33: =B33*G33 -> 0.038839181 | I33: =C33*G33 -> 0.029129385
A34: 3252 | B34: 1 | C34: 3 | D34: 70.167825 | E34: 180102080206 | F34: Clark Creek-Scott River | G34: =D34/$L$4 -> 0.016117941 | H34: =B34*G34 -> 0.016117941 | I34: =C34*G34 -> 0.048353823
A35: 3325 | B35: 1 | C35: 3 | D35: 664.72606 | E35: 180102080206 | F35: Clark Creek-Scott River | G35: =D35/$L$4 -> 0.15269129 | H35: =B35*G35 -> 0.15269129 | I35: =C35*G35 -> 0.45807386
A36: 3398 | B36: 1 | C36: 3 | D36: 668.65211 | E36: 180102080206 | F36: Clark Creek-Scott River | G36: =D36/$L$4 -> 0.15359312 | H36: =B36*G36 -> 0.15359312 | I36: =C36*G36 -> 0.46077937
A37: 3470 | B37: 3 | C37: 4 | D37: 258.8322 | E37: 180102080206 | F37: Clark Creek-Scott River | G37: =D37/$L$4 -> 0.059455202 | H37: =B37*G37 -> 0.17836561 | I37: =C37*G37 -> 0.23782081
A38: 3471 | B38: 1 | C38: 3 | D38: 591.71543 | E38: 180102080206 | F38: Clark Creek-Scott River | G38: =D38/$L$4 -> 0.13592034 | H38: =B38*G38 -> 0.13592034 | I38: =C38*G38 -> 0.40776101
A39: 3542 | B39: 5 | C39: 4 | D39: 246.29179 | E39: 180102080206 | F39: Clark Creek-Scott River | G39: =D39/$L$4 -> 0.056574598 | H39: =B39*G39 -> 0.28287299 | I39: =C39*G39 -> 0.22629839
A40: 3544 | B40: 1 | C40: 3 | D40: 135.78187 | E40: 180102080206 | F40: Clark Creek-Scott River | G40: =D40/$L$4 -> 0.031189853 | H40: =B40*G40 -> 0.031189853 | I40: =C40*G40 -> 0.093569558
A41: 3615 | B41: 4 | C41: 4 | D41: 349.78733 | E41: 180102080206 | F41: Clark Creek-Scott River | G41: =D41/$L$4 -> 0.080348104 | H41: =B41*G41 -> 0.32139241 | I41: =C41*G41 -> 0.32139241
A42: 3616 | B42: 4 | C42: 3 | D42: 812.85844 | E42: 180102080206 | F42: Clark Creek-Scott River | G42: =D42/$L$4 -> 0.18671812 | H42: =B42*G42 -> 0.74687248 | I42: =C42*G42 -> 0.56015436
A43: 3617 | B43: 1 | C43: 2 | D43: 27.502766 | E43: 180102080206 | F43: Clark Creek-Scott River | G43: =D43/$L$4 -> 0.0063175389 | H43: =B43*G43 -> 0.0063175389 | I43: =C43*G43 -> 0.012635078
A44: 3688 | B44: 5 | C44: 3 | D44: 454.76286 | E44: 180102080206 | F44: Clark Creek-Scott River | G44: =D44/$L$4 -> 0.10446157 | H44: =B44*G44 -> 0.52230784 | I44: =C44*G44 -> 0.31338471
A45: 3761 | B45: 4 | C45: 4 | D45: 72.320078 | E45: 180102080206 | F45: Clark Creek-Scott River | G45: =D45/$L$4 -> 0.016612326 | H45: =B45*G45 -> 0.066449303 | I45: =C45*G45 -> 0.066449303
A46: 3249 | B46: 5 | C46: 2 | D46: 5.9944429 | E46: 180102080205 | F46: Etna Creek | G46: =D46/$L$5 -> 0.00039437433 | H46: =B46*G46 -> 0.0019718716 | I46: =C46*G46 -> 0.00078874866
A47: 3250 | B47: 5 | C47: 1 | D47: 12.739836 | E47: 180102080205 | F47: Etna Creek | G47: =D47/$L$5 -> 0.00083815369 | H47: =B47*G47 -> 0.0041907684 | I47: =C47*G47 -> 0.00083815369
A48: 3322 | B48: 5 | C48: 2 | D48: 987.28958 | E48: 180102080205 | F48: Etna Creek | G48: =D48/$L$5 -> 0.06495377 | H48: =B48*G48 -> 0.32476885 | I48: =C48*G48 -> 0.12990754
A49: 3323 | B49: 4 | C49: 3 | D49: 494.38519 | E49: 180102080205 | F49: Etna Creek | G49: =D49/$L$5 -> 0.032525596 | H49: =B49*G49 -> 0.13010238 | I49: =C49*G49 -> 0.097576787
A50: 3324 | B50: 3 | C50: 3 | D50: 99.18164 | E50: 180102080205 | F50: Etna Creek | G50: =D50/$L$5 -> 0.006525159 | H50: =B50*G50 -> 0.019575477 | I50: =C50*G50 -> 0.019575477
A51: 3394 | B51: 4 | C51: 2 | D51: 146.78038 | E51: 180102080205 | F51: Etna Creek | G51: =D51/$L$5 -> 0.0096566792 | H51: =B51*G51 -> 0.038626717 | I51: =C51*G51 -> 0.019313358
A52: 3395 | B52: 5 | C52: 3 | D52: 1478.1027 | E52: 180102080205 | F52: Etna Creek | G52: =D52/$L$5 -> 0.097244358 | H52: =B52*G52 -> 0.48622179 | I52: =C52*G52 -> 0.29173307
A53: 3396 | B53: 5 | C53: 3 | D53: 1546.2718 | E53: 180102080205 | F53: Etna Creek | G53: =D53/$L$5 -> 0.1017292 | H53: =B53*G53 -> 0.50864602 | I53: =C53*G53 -> 0.30518761
A54: 3468 | B54: 4 | C54: 3 | D54: 1599.9932 | E54: 180102080205 | F54: Etna Creek | G54: =D54/$L$5 -> 0.10526353 | H54: =B54*G54 -> 0.42105413 | I54: =C54*G54 -> 0.3157906
A55: 3469 | B55: 5 | C55: 3 | D55: 1599.9879 | E55: 180102080205 | F55: Etna Creek | G55: =D55/$L$5 -> 0.10526319 | H55: =B55*G55 -> 0.52631593 | I55: =C55*G55 -> 0.31578956
A56: 3470 | B56: 3 | C56: 4 | D56: 492.50607 | E56: 180102080205 | F56: Etna Creek | G56: =D56/$L$5 -> 0.032401969 | H56: =B56*G56 -> 0.097205906 | I56: =C56*G56 -> 0.12960787
A57: 3540 | B57: 4 | C57: 2 | D57: 644.28898 | E57: 180102080205 | F57: Etna Creek | G57: =D57/$L$5 -> 0.042387764 | H57: =B57*G57 -> 0.16955106 | I57: =C57*G57 -> 0.084775529
... A66: 3761 | B66: 4 | C66: 4 | D66: 128.16548 | E66: 180102080205 | F66: Etna Creek | G66: =D66/$L$5 -> 0.0084320055 | H66: =B66*G66 -> 0.033728022 | I66: =C66*G66 -> 0.033728022
A67: 3616 | B67: 4 | C67: 3 | D67: 550.82824 | E67: 180102080203 | F67: French Creek | G67: =D67/$L$6 -> 0.028777534 | H67: =B67*G67 -> 0.11511014 | I67: =C67*G67 -> 0.086332603
A68: 3687 | B68: 4 | C68: 4 | D68: 4.8031221 | E68: 180102080203 | F68: French Creek | G68: =D68/$L$6 -> 0.00025093487 | H68: =B68*G68 -> 0.0010037395 | I68: =C68*G68 -> 0.0010037395
A69: 3688 | B69: 5 | C69: 3 | D69: 1143.2308 | E69: 180102080203 | F69: French Creek | G69: =D69/$L$6 -> 0.05972708 | H69: =B69*G69 -> 0.2986354 | I69: =C69*G69 -> 0.17918124
A70: 3689 | B70: 2 | C70: 3 | D70: 187.37756 | E70: 180102080203 | F70: French Creek | G70: =D70/$L$6 -> 0.009789375 | H70: =B70*G70 -> 0.01957875 | I70: =C70*G70 -> 0.029368125
A71: 3761 | B71: 4 | C71: 4 | D71: 1399.5023 | E71: 180102080203 | F71: French Creek | G71: =D71/$L$6 -> 0.073115763 | H71: =B71*G71 -> 0.29246305 | I71: =C71*G71 -> 0.29246305
A72: 3762 | B72: 4 | C72: 1 | D72: 1546.2633 | E72: 180102080203 | F72: French Creek | G72: =D72/$L$6 -> 0.080783161 | H72: =B72*G72 -> 0.32313265 | I72: =C72*G72 -> 0.080783161
A73: 3763 | B73: 2 | C73: 1 | D73: 2.6962603 | E73: 180102080203 | F73: French Creek | G73: =D73/$L$6 -> 0.00014086374 | H73: =B73*G73 -> 0.00028172748 | I73: =C73*G73 -> 0.00014086374
A74: 3834 | B74: 5 | C74: 4 | D74: 165.60604 | E74: 180102080203 | F74: French Creek | G74: =D74/$L$6 -> 0.0086519411 | H74: =B74*G74 -> 0.043259706 | I74: =C74*G74 -> 0.034607765
A75: 3835 | B75: 5 | C75: 3 | D75: 1599.9932 | E75: 180102080203 | F75: French Creek | G75: =D75/$L$6 -> 0.083590229 | H75: =B75*G75 -> 0.41795114 | I75: =C75*G75 -> 0.25077069
A76: 3836 | B76: 2 | C76: 1 | D76: 1157.1792 | E76: 180102080203 | F76: French Creek | G76: =D76/$L$6 -> 0.060455804 | H76: =B76*G76 -> 0.12091161 | I76: =C76*G76 -> 0.060455804
A77: 3908 | B77: 4 | C77: 3 | D77: 1530.7045 | E77: 180102080203 | F77: French Creek | G77: =D77/$L$6 -> 0.079970303 | H77: =B77*G77 -> 0.31988121 | I77: =C77*G77 -> 0.23991091
A78: 3909 | B78: 4 | C78: 3 | D78: 1599.9933 | E78: 180102080203 | F78: French Creek | G78: =D78/$L$6 -> 0.083590234 | H78: =B78*G78 -> 0.33436093 | I78: =C78*G78 -> 0.2507707
... A88: 4203 | B88: 5 | C88: 3 | D88: 41.109703 | E88: 180102080203 | F88: French Creek | G88: =D88/$L$6 -> 0.0021477401 | H88: =B88*G88 -> 0.0107387 | I88: =C88*G88 -> 0.0064432202
A89: 2376 | B89: 2 | C89: 1 | D89: 156.09165 | E89: 180102080403 | F89: Hamlin Gulch-Scott River | G89: =D89/$L$7 -> 0.010600946 | H89: =B89*G89 -> 0.021201892 | I89: =C89*G89 -> 0.010600946
A90: 2377 | B90: 2 | C90: 3 | D90: 195.06623 | E90: 180102080403 | F90: Hamlin Gulch-Scott River | G90: =D90/$L$7 -> 0.0132479 | H90: =B90*G90 -> 0.026495799 | I90: =C90*G90 -> 0.039743699
A91: 2449 | B91: 2 | C91: 1 | D91: 161.61137 | E91: 180102080403 | F91: Hamlin Gulch-Scott River | G91: =D91/$L$7 -> 0.010975816 | H91: =B91*G91 -> 0.021951633 | I91: =C91*G91 -> 0.010975816
A92: 2450 | B92: 2 | C92: 1 | D92: 424.93368 | E92: 180102080403 | F92: Hamlin Gulch-Scott River | G92: =D92/$L$7 -> 0.02885932 | H92: =B92*G92 -> 0.05771864 | I92: =C92*G92 -> 0.02885932
A93: 2451 | B93: 2 | C93: 1 | D93: 132.38747 | E93: 180102080403 | F93: Hamlin Gulch-Scott River | G93: =D93/$L$7 -> 0.008991079 | H93: =B93*G93 -> 0.017982158 | I93: =C93*G93 -> 0.008991079
A94: 2522 | B94: 2 | C94: 1 | D94: 1014.9327 | E94: 180102080403 | F94: Hamlin Gulch-Scott River | G94: =D94/$L$7 -> 0.068929033 | H94: =B94*G94 -> 0.13785807 | I94: =C94*G94 -> 0.068929033
A95: 2523 | B95: 1 | C95: 3 | D95: 297.01686 | E95: 180102080403 | F95: Hamlin Gulch-Scott River | G95: =D95/$L$7 -> 0.020171864 | H95: =B95*G95 -> 0.020171864 | I95: =C95*G95 -> 0.060515593
A96: 2595 | B96: 1 | C96: 1 | D96: 36.705816 | E96: 180102080403 | F96: Hamlin Gulch-Scott River | G96: =D96/$L$7 -> 0.0024928711 | H96: =B96*G96 -> 0.0024928711 | I96: =C96*G96 -> 0.0024928711
A97: 2596 | B97: 1 | C97: 3 | D97: 291.67911 | E97: 180102080403 | F97: Hamlin Gulch-Scott River | G97: =D97/$L$7 -> 0.019809352 | H97: =B97*G97 -> 0.019809352 | I97: =C97*G97 -> 0.059428056
A98: 2597 | B98: 2 | C98: 1 | D98: 466.28996 | E98: 180102080403 | F98: Hamlin Gulch-Scott River | G98: =D98/$L$7 -> 0.031668027 | H98: =B98*G98 -> 0.063336053 | I98: =C98*G98 -> 0.031668027
A99: 2668 | B99: 2 | C99: 1 | D99: 199.10241 | E99: 180102080403 | F99: Hamlin Gulch-Scott River | G99: =D99/$L$7 -> 0.013522016 | H99: =B99*G99 -> 0.027044033 | I99: =C99*G99 -> 0.013522016
A100: 2669 | B100: 1 | C100: 3 | D100: 1330.6765 | E100: 180102080403 | F100: Hamlin Gulch-Scott River | G100: =D100/$L$7 -> 0.090372733 | H100: =B100*G100 -> 0.090372733 | I100: =C100*G100 -> 0.2711182
... A116: 3398 | B116: 1 | C116: 3 | D116: 106.09222 | E116: 180102080403 | F116: Hamlin Gulch-Scott River | G116: =D116/$L$7 -> 0.0072052401 | H116: =B116*G116 -> 0.0072052401 | I116: =C116*G116 -> 0.02161572
A117: 1565 | B117: 5 | C117: 3 | D117: 591.8807 | E117: 180102080501 | F117: Indian Creek | G117: =D117/$L$8 -> 0.053482494 | H117: =B117*G117 -> 0.26741247 | I117: =C117*G117 -> 0.16044748
A118: 1638 | B118: 5 | C118: 3 | D118: 499.72388 | E118: 180102080501 | F118: Indian Creek | G118: =D118/$L$8 -> 0.04515518 | H118: =B118*G118 -> 0.2257759 | I118: =C118*G118 -> 0.13546554
A119: 1639 | B119: 5 | C119: 3 | D119: 289.14502 | E119: 180102080501 | F119: Indian Creek | G119: =D119/$L$8 -> 0.026127219 | H119: =B119*G119 -> 0.1306361 | I119: =C119*G119 -> 0.078381658
A120: 1712 | B120: 5 | C120: 3 | D120: 218.86898 | E120: 180102080501 | F120: Indian Creek | G120: =D120/$L$8 -> 0.019777058 | H120: =B120*G120 -> 0.098885292 | I120: =C120*G120 -> 0.059331175
A121: 1713 | B121: 4 | C121: 3 | D121: 1599.413 | E121: 180102080501 | F121: Indian Creek | G121: =D121/$L$8 -> 0.14452338 | H121: =B121*G121 -> 0.57809351 | I121: =C121*G121 -> 0.43357013
A122: 1786 | B122: 5 | C122: 3 | D122: 1599.988 | E122: 180102080501 | F122: Indian Creek | G122: =D122/$L$8 -> 0.14457533 | H122: =B122*G122 -> 0.72287664 | I122: =C122*G122 -> 0.43372599
A123: 1787 | B123: 3 | C123: 3 | D123: 168.80095 | E123: 180102080501 | F123: Indian Creek | G123: =D123/$L$8 -> 0.015252898 | H123: =B123*G123 -> 0.045758694 | I123: =C123*G123 -> 0.045758694
A124: 1860 | B124: 5 | C124: 3 | D124: 244.24009 | E124: 180102080501 | F124: Indian Creek | G124: =D124/$L$8 -> 0.022069598 | H124: =B124*G124 -> 0.11034799 | I124: =C124*G124 -> 0.066208794
A125: 1861 | B125: 4 | C125: 3 | D125: 1599.6003 | E125: 180102080501 | F125: Indian Creek | G125: =D125/$L$8 -> 0.1445403 | H125: =B125*G125 -> 0.57816118 | I125: =C125*G125 -> 0.43362089
A126: 1934 | B126: 4 | C126: 3 | D126: 873.96648 | E126: 180102080501 | F126: Indian Creek | G126: =D126/$L$8 -> 0.078971839 | H126: =B126*G126 -> 0.31588736 | I126: =C126*G126 -> 0.23691552
A127: 1935 | B127: 3 | C127: 3 | D127: 110.22109 | E127: 180102080501 | F127: Indian Creek | G127: =D127/$L$8 -> 0.0099596062 | H127: =B127*G127 -> 0.029878819 | I127: =C127*G127 -> 0.029878819
A128: 2008 | B128: 3 | C128: 1 | D128: 1346.9617 | E128: 180102080501 | F128: Indian Creek | G128: =D128/$L$8 -> 0.12171181 | H128: =B128*G128 -> 0.36513543 | I128: =C128*G128 -> 0.12171181
... A132: 2302 | B132: 2 | C132: 1 | D132: 57.364405 | E132: 180102080501 | F132: Indian Creek | G132: =D132/$L$8 -> 0.0051834626 | H132: =B132*G132 -> 0.010366925 | I132: =C132*G132 -> 0.0051834626
A133: 2002 | B133: 4 | C133: 4 | D133: 336.32738 | E133: 180102080603 | F133: Kelsey Creek | G133: =D133/$L$9 -> 0.029542001 | H133: =B133*G133 -> 0.118168 | I133: =C133*G133 -> 0.118168
A134: 2076 | B134: 4 | C134: 4 | D134: 1239.5146 | E134: 180102080603 | F134: Kelsey Creek | G134: =D134/$L$9 -> 0.10887529 | H134: =B134*G134 -> 0.43550116 | I134: =C134*G134 -> 0.43550116
A135: 2149 | B135: 4 | C135: 4 | D135: 1520.6105 | E135: 180102080603 | F135: Kelsey Creek | G135: =D135/$L$9 -> 0.13356593 | H135: =B135*G135 -> 0.5342637 | I135: =C135*G135 -> 0.5342637
A136: 2150 | B136: 4 | C136: 3 | D136: 1290.2654 | E136: 180102080603 | F136: Kelsey Creek | G136: =D136/$L$9 -> 0.11333309 | H136: =B136*G136 -> 0.45333237 | I136: =C136*G136 -> 0.33999928
A137: 2222 | B137: 4 | C137: 3 | D137: 811.50051 | E137: 180102080603 | F137: Kelsey Creek | G137: =D137/$L$9 -> 0.071279803 | H137: =B137*G137 -> 0.28511921 | I137: =C137*G137 -> 0.21383941
...

Sheet Pivot Table Climate & Connectiv
A2: HU_12_NAME | B2: SUM of Acres | C2: SUM of ClimRankAve ByArea | D2: SUM of ConnRankAveByArea
A3: Boulder Creek-Scott River | B3: 12839.374 | C3: 4.6837981 | D3: 2.7095413
A4: Canyon Creek | B4: 15834.417 | C4: 4.1399337 | D4: 3.2483895
A5: Clark Creek-Scott River | B5: 4353.3988 | C5: 2.6140907 | D5: 3.2066727
A6: Etna Creek | B6: 15199.881 | C6: 4.5260758 | D6: 3.1612499
A7: French Creek | B7: 19140.911 | C7: 4.1562558 | D7: 2.9213091
A8: Hamlin Gulch-Scott River | B8: 14724.314 | C8: 1.5193228 | D8: 2.2747626
A9: Indian Creek | B9: 11066.812 | C9: 3.816556 | D9: 2.6421271
A10: Kelsey Creek | B10: 11384.719 | C10: 3.9632707 | D10: 3.3543321
A11: Kidder Creek | B11: 15850.224 | C11: 4.1835143 | D11: 2.1917063
A12: Lower East Fork Scott River | B12: 19088.768 | C12: 4.0464846 | D12: 2.8852589
A13: Lower Moffett Creek | B13: 24981.248 | C13: 2.9870646 | D13: 3.1247643
A14: McAdam Creek | B14: 16055.997 | C14: 3.8746648 | D14: 2.9667152
... A28: Grand Total | B28: 431762.68 | C28: 90.080254 | D28: 70.222422
